Year,Month,DayofMonth,DayOfWeek,DepTime,CRSDepTime,ArrTime,CRSArrTime,UniqueCarrier,FlightNum,TailNum,ActualElapsedTime,CRSElapsedTime,AirTime,ArrDelay,DepDelay,Origin,Dest,Distance,TaxiIn,TaxiOut,Cancelled,CancellationCode,Diverted,CarrierDelay,WeatherDelay,NASDelay,SecurityDelay,LateAircraftDelay
2008,10,27,1,1622.0,1420,,1520,WN,27,N601WN,,60.0,,,122.0,HOU,HRL,276,,19.0,1,A,0,,,,,
2008,10,25,6,1323.0,1255,,1442,XE,2347,N26549,,107.0,,,28.0,CLT,EWR,529,,,1,B,0,,,,,
2008,10,22,3,1825.0,1815,,1927,XE,2819,N12946,,72.0,,,10.0,JAN,IAH,351,,,1,C,0,,,,,
2008,10,22,3,1733.0,1715,,1818,XE,2890,N16944,,63.0,,,18.0,IAH,BTR,253,,,1,B,0,,,,,
2008,10,15,3,1943.0,1745,,1857,XE,2117,N26545,,72.0,,,118.0,IAH,HRL,295,,,1,B,0,,,,,
2008,10,15,3,1610.0,1600,,1738,XE,2920,N14558,,98.0,,,10.0,IAH,MEM,469,,,1,B,0,,,,,
2008,10,5,7,1711.0,1653,,1821,YV,7148,N570ML,,88.0,,,18.0,IAD,TYS,419,,,1,A,0,,,,,
2008,10,10,5,1502.0,1450,,1546,YV,7097,N455YV,,56.0,,,12.0,DEN,ASE,125,,14.0,1,B,0,,,,,
2008,10,28,2,1735.0,1410,,1529,YV,7262,N571ML,,79.0,,,205.0,SYR,IAD,296,,,1,A,0,,,,,
2008,10,30,4,2221.0,1848,,2112,YV,7281,N514MJ,,204.0,,,213.0,IAD,AUS,1297,,12.0,1,A,0,,,,,
2008,10,25,6,1445.0,1355,,1535,OH,6588,N528CA,,100.0,,,50.0,RDU,JFK,426,,,1,B,0,,,,,
2008,10,11,6,1750.0,1646,,1747,OO,4027,N608SK,,61.0,,,64.0,SLC,JAC,205,,19.0,1,B,0,,,,,
2008,10,28,2,907.0,857,,956,OO,5440,N308SW,,59.0,,,10.0,LAX,SMX,135,,14.0,1,B,0,,,,,
2008,10,27,1,718.0,618,,708,OO,5581,N284YV,,50.0,,,60.0,SAN,LAX,109,,,1,C,0,,,,,
2008,10,14,2,1050.0,1038,,1230,OO,6017,N698BR,,112.0,,,12.0,ICT,ORD,588,,,1,A,0,,,,,
2008,10,5,7,1852.0,1738,,1904,OO,6224,N923SW,,86.0,,,74.0,DEN,BIL,455,,39.0,1,A,0,,,,,
2008,10,11,6,1316.0,1309,,1407,OO,6241,N915SW,,58.0,,,7.0,MTJ,DEN,197,,,1,A,0,,,,,
2008,10,6,1,813.0,759,,1040,UA,403,N565UA,,281.0,,,14.0,LGA,DEN,1619,,,1,A,0,,,,,
2008,10,30,4,1321.0,1246,,1358,UA,459,N929UA,,72.0,,,35.0,IAD,RDU,224,,,1,A,0,,,,,
2008,10,22,3,1719.0,1650,,2101,UA,982,N849UA,,191.0,,,29.0,IAH,IAD,1190,,,1,B,0,,,,,
2008,10,9,4,1600.0,1520,,1715,UA,1537,N460UA,,175.0,,,40.0,MCO,ORD,1005,,,1,A,0,,,,,
2008,10,11,6,1147.0,1135,,1346,US,1478,N163US,,131.0,,,12.0,CLT,BOS,728,,,1,A,0,,,,,
2008,10,17,5,1321.0,1315,,1445,US,1615,N961UW,,150.0,,,6.0,CLT,MCI,809,,,1,A,0,,,,,
2008,10,26,7,1405.0,1350,,1504,US,1193,N195UW,,74.0,,,15.0,PHX,SAN,304,,,1,A,0,,,,,
2008,10,28,2,1147.0,1140,,1257,US,1711,N956UW,,77.0,,,7.0,CLT,ORF,290,,39.0,1,C,0,,,,,
2008,10,29,3,845.0,830,,947,DL,1345,N912DE,,77.0,,,15.0,LGA,DCA,214,,,1,A,0,,,,,
2008,10,18,6,1304.0,1242,,1453,EV,5567,N935EV,,131.0,,,22.0,ABE,ATL,692,,10.0,1,A,0,,,,,
2008,10,8,3,2319.0,2135,,2224,EV,5608,N933EV,,49.0,,,104.0,ATL,CSG,83,,,1,B,0,,,,,
2008,10,24,5,1635.0,1450,,1546,EV,5025,N868AS,,56.0,,,105.0,ATL,AGS,143,,26.0,1,B,0,,,,,
2008,10,19,7,103.0,1758,,2103,EV,5052,N659CA,,125.0,,,425.0,ICT,ATL,781,,5.0,1,A,0,,,,,
2008,10,29,3,1915.0,1815,,1905,MQ,3010,N324MQ,,50.0,,,60.0,SBA,LAX,89,,,1,B,0,,,,,
2008,10,29,3,2032.0,1900,,2000,MQ,3031,N240MQ,,60.0,,,92.0,LAX,SAN,109,,20.0,1,B,0,,,,,
2008,10,29,3,1823.0,1810,,1935,MQ,3179,N822MQ,,85.0,,,13.0,SJC,SAN,417,,,1,B,0,,,,,
2008,10,22,3,1907.0,1645,,1755,MQ,3623,N907MQ,,70.0,,,142.0,DFW,HOU,247,,,1,C,0,,,,,
2008,10,30,4,918.0,900,,1040,MQ,3913,N510MQ,,100.0,,,18.0,ORD,XNA,522,,,1,A,0,,,,,
2008,10,25,6,1624.0,1550,,1615,MQ,4292,N664MQ,,85.0,,,34.0,CMH,ORD,296,,10.0,1,A,0,,,,,
2008,10,25,6,1427.0,1330,,1505,MQ,4656,N724MQ,,95.0,,,57.0,RDU,JFK,426,,,1,C,0,,,,,
2008,10,25,6,1734.0,1450,,1559,MQ,4662,N846MQ,,69.0,,,164.0,BOS,JFK,187,,,1,C,0,,,,,
2008,10,31,5,1046.0,1022,,1152,NW,228,N367NW,,90.0,,,24.0,DTW,DCA,405,,,1,A,0,,,,,
2008,10,25,6,1143.0,1000,,1207,9E,2047,9609E,,127.0,,,103.0,BUF,ATL,712,,,1,A,0,,,,,
2008,10,17,5,121.0,2229,,420,9E,4715,88779E,,351.0,,,172.0,MSP,ALO,166,,16.0,1,B,0,,,,,
2008,10,15,3,1649.0,1610,,1755,9E,5711,87719E,,105.0,,,39.0,IAH,MEM,469,,,1,C,0,,,,,
2008,10,15,3,1225.0,1200,,1435,AA,775,N5FLAA,,155.0,,,25.0,MIA,STT,1107,,,1,A,0,,,,,
2008,10,25,6,1725.0,1430,,1729,AA,960,N073AA,,179.0,,,175.0,MIA,JFK,1090,,,1,C,0,,,,,
2008,10,25,6,1408.0,1310,,1629,AA,1362,N558AA,,139.0,,,58.0,ORD,JFK,740,,,1,C,0,,,,,
2008,10,11,6,1011.0,715,,1220,AA,1656,N401AA,,185.0,,,176.0,FAT,DFW,1313,,,1,A,0,,,,,
2008,10,3,5,1441.0,1425,,1530,AA,1801,N420AA,,65.0,,,16.0,DFW,SAT,247,,17.0,1,A,0,,,,,
2008,10,9,4,847.0,840,,1335,AA,1802,N470AA,,175.0,,,7.0,SAN,DFW,1171,,20.0,1,A,0,,,,,
2008,10,3,5,1050.0,855,,1415,AA,1810,N525AA,,200.0,,,115.0,SJC,AUS,1476,,,1,A,0,,,,,
2008,10,9,4,818.0,655,,1040,AA,2042,N4WTAA,,165.0,,,83.0,DFW,FLL,1119,,,1,A,0,,,,,
2008,10,25,6,1327.0,1205,,1322,AS,43,N799AS,,77.0,,,82.0,ANC,BET,399,,7.0,1,B,0,,,,,
2008,10,26,7,1423.0,830,,1036,AS,353,N618AS,,126.0,,,353.0,OAK,SEA,671,,,1,A,0,,,,,
2008,10,26,7,657.0,615,,717,AS,47,N762AS,,62.0,,,42.0,ANC,ADQ,252,,8.0,1,A,0,,,,,
2008,10,11,6,1151.0,1145,,1525,B6,908,N249JB,,160.0,,,6.0,ORD,JFK,740,,,1,A,0,,,,,
2008,10,21,2,2333.0,2215,,637,B6,174,N612JB,,322.0,,,78.0,SJC,JFK,2569,,,1,A,0,,,,,
2008,10,25,6,2329.0,1800,,1927,B6,1069,N178JB,,87.0,,,329.0,BOS,JFK,187,,20.0,1,A,0,,,,,
2008,10,15,3,1724.0,1530,,1643,CO,1787,N17344,,73.0,,,114.0,IAH,DFW,224,,,1,B,0,,,,,
2008,10,15,3,1534.0,1525,,1701,CO,1821,N54711,,216.0,,,9.0,IAH,SNA,1347,,,1,A,0,,,,,
2008,10,5,7,1221.0,1100,,1215,DL,758,N676DL,,75.0,,,81.0,ATL,JAX,270,,,1,A,0,,,,,
2008,11,30,7,2204.0,2150,,2305,WN,462,N789SW,,75.0,,,14.0,SJC,SAN,417,,7.0,1,B,0,,,,,
2008,11,30,7,2035.0,1740,,2144,XE,2574,N12201,,184.0,,,175.0,XNA,EWR,1130,,,1,C,0,,,,,
2008,11,30,7,1839.0,1351,,1723,XE,3136,N22971,,152.0,,,288.0,BNA,EWR,748,,,1,C,0,,,,,
2008,11,13,4,2223.0,2110,,2244,XE,2117,N11535,,94.0,,,73.0,EWR,ORF,284,,68.0,1,B,0,,,,,
2008,11,11,2,2230.0,1940,,2032,XE,2016,N15986,,52.0,,,170.0,IAH,LCH,127,,,1,B,0,,,,,
2008,11,11,2,2141.0,1915,,2030,XE,2697,N14947,,75.0,,,146.0,IAH,MFE,316,,,1,B,0,,,,,
2008,11,5,3,1032.0,1026,,1125,YV,7151,N445YV,,59.0,,,6.0,DEN,ASE,125,,19.0,1,B,0,,,,,
2008,11,16,7,1940.0,1759,,1849,YV,7074,N27185,,50.0,,,101.0,ORD,MKE,67,,,1,A,0,,,,,
2008,11,28,5,1625.0,1502,,1638,YV,7053,N445YV,,96.0,,,83.0,RAP,DEN,301,,7.0,1,A,0,,,,,
2008,11,29,6,1319.0,1257,,1356,YV,7098,N456YV,,59.0,,,22.0,DEN,ASE,125,,14.0,1,B,0,,,,,
2008,11,29,6,1030.0,1021,,1120,YV,7151,N456YV,,59.0,,,9.0,DEN,ASE,125,,24.0,1,B,0,,,,,
2008,11,29,6,1508.0,1450,,1656,YV,2968,N911FJ,,186.0,,,18.0,DSM,PHX,1149,,,1,A,0,,,,,
2008,11,29,6,1755.0,1647,,1846,YV,7269,N511MJ,,119.0,,,68.0,IAD,ATL,533,,,1,B,0,,,,,
2008,11,30,7,1255.0,1123,,1224,YV,7193,N447YV,,61.0,,,92.0,DEN,ASE,125,,33.0,1,B,0,,,,,
2008,11,30,7,1054.0,935,,1014,YV,1035,N77278,,39.0,,,79.0,HNL,LIH,102,,,1,A,0,,,,,
2008,11,30,7,2215.0,1859,,2202,YV,7066,N502MJ,,123.0,,,196.0,ORD,CHS,760,,,1,B,0,,,,,
2008,11,13,4,2335.0,2100,,2238,OH,6787,N691CA,,98.0,,,155.0,JFK,DCA,213,,,1,B,0,,,,,
2008,11,25,2,805.0,730,,914,OH,6595,N931CA,,104.0,,,35.0,BOS,PHL,280,,,1,A,0,,,,,
2008,11,30,7,2306.0,2210,,2355,OO,2642,N506CA,,45.0,,,56.0,MKE,GRR,120,,,1,A,0,,,,,
2008,11,5,3,1749.0,1735,,1920,OO,4819,N805SK,,165.0,,,14.0,DFW,SLC,988,,,1,A,0,,,,,
2008,11,22,6,726.0,627,,718,OO,5405,N393SW,,51.0,,,59.0,LAX,SAN,109,,28.0,1,B,0,,,,,
2008,11,30,7,750.0,717,,808,OO,5406,N582SW,,51.0,,,33.0,LAX,SAN,109,,,1,B,0,,,,,
2008,11,30,7,1625.0,1615,,1752,OO,5443,N560SW,,97.0,,,10.0,SFO,MFR,329,,15.0,1,B,0,,,,,
2008,11,18,2,720.0,700,,740,OO,5560,N235SW,,40.0,,,20.0,SFO,MRY,77,,11.0,1,B,0,,,,,
2008,11,29,6,2223.0,2215,,2317,OO,5735,N271YV,,62.0,,,8.0,SEA,GEG,224,,9.0,1,B,0,,,,,
2008,11,12,3,2229.0,2215,,2317,OO,5735,N224SW,,62.0,,,14.0,SEA,GEG,224,,,1,A,0,,,,,
2008,11,30,7,1649.0,1400,,1452,OO,5755,N290SW,,52.0,,,169.0,PDX,SEA,129,,6.0,1,B,0,,,,,
2008,11,30,7,1713.0,1655,,1740,OO,5765,N284YV,,45.0,,,18.0,RDM,PDX,116,,7.0,1,B,0,,,,,
2008,11,30,7,2153.0,1801,,2015,OO,5832,N763SK,,74.0,,,232.0,ORD,SDF,286,,,1,B,0,,,,,
2008,11,3,1,802.0,639,,731,OO,5964,N959SW,,52.0,,,83.0,ORD,GRB,174,,19.0,1,B,0,,,,,
2008,11,6,4,1950.0,1836,,1910,OO,6476,N928SW,,94.0,,,74.0,CVG,ORD,264,,,1,A,0,,,,,
2008,11,30,7,2321.0,1955,,2230,UA,117,N515UA,,275.0,,,206.0,ORD,SEA,1721,,,1,B,0,,,,,
2008,11,7,5,1854.0,1847,,1907,UA,205,N383UA,,80.0,,,7.0,DTW,ORD,235,,,1,A,0,,,,,
2008,11,7,5,1027.0,918,,1039,UA,234,N430UA,,81.0,,,69.0,MSP,ORD,334,,,1,A,0,,,,,
2008,11,22,6,724.0,704,,1457,UA,290,N466UA,,293.0,,,20.0,SMF,IAD,2358,,,1,A,0,,,,,
2008,11,30,7,2207.0,2120,,2354,UA,321,N540UA,,274.0,,,47.0,ORD,PDX,1739,,,1,B,0,,,,,
2008,11,30,7,2143.0,1945,,2300,UA,546,N455UA,,135.0,,,118.0,ORD,BOS,867,,,1,B,0,,,,,
2008,11,30,7,2129.0,1905,,2152,UA,626,N838UA,,107.0,,,144.0,ORD,DCA,612,,,1,B,0,,,,,
2008,11,29,6,1625.0,1548,,1920,UA,645,N409UA,,332.0,,,37.0,SJU,ORD,2072,,,1,A,0,,,,,
2008,11,30,7,2306.0,2000,,2224,UA,1453,N484UA,,144.0,,,186.0,ORD,MSY,837,,,1,B,0,,,,,
2008,11,11,2,828.0,722,,943,UA,1501,N480UA,,201.0,,,66.0,MIA,ORD,1197,,,1,A,0,,,,,
2008,11,22,6,1451.0,1340,,2106,UA,1569,N496UA,,266.0,,,71.0,LAS,IAD,2066,,,1,A,0,,,,,
2008,11,3,1,1625.0,1610,,1713,US,773,N961UW,,63.0,,,15.0,ILM,CLT,185,,,1,A,0,,,,,
2008,11,3,1,948.0,710,,848,US,1991,N433US,,98.0,,,158.0,MHT,PHL,290,,,1,A,0,,,,,
2008,11,13,4,1001.0,700,,817,US,308,N622AW,,77.0,,,181.0,ATL,CLT,227,,,1,C,0,,,,,
2008,11,14,5,1315.0,902,,1041,US,1967,N703UW,,99.0,,,253.0,ABE,CLT,481,,,1,A,0,,,,,
2008,11,17,1,1307.0,1130,,1854,US,1458,N162UW,,264.0,,,97.0,LAX,PIT,2136,,,1,A,0,,,,,
2008,11,30,7,2136.0,2108,,2128,US,656,N619AW,,80.0,,,28.0,PHX,SNA,338,,11.0,1,B,0,,,,,
2008,11,14,5,658.0,640,,900,DL,900,N690DL,,140.0,,,18.0,ATL,LGA,761,,,1,C,0,,,,,
2008,11,19,3,1545.0,1440,,1530,DL,1572,N974DL,,50.0,,,65.0,ATL,TYS,152,,,1,A,0,,,,,
2008,11,30,7,2201.0,2135,,442,DL,968,N639DL,,247.0,,,26.0,SNA,ATL,1919,,,1,B,0,,,,,
2008,11,30,7,855.0,745,,951,EV,5026,N846AS,,66.0,,,70.0,PFN,ATL,247,,,1,C,0,,,,,
2008,11,14,5,2028.0,1635,,1751,EV,5059,N977EV,,76.0,,,233.0,GNV,ATL,300,,,1,B,0,,,,,
2008,11,14,5,1450.0,1440,,1506,EV,5119,N643AS,,86.0,,,10.0,ATL,PFN,247,,,1,A,0,,,,,
2008,11,14,5,1442.0,1106,,1220,EV,5367,N682BR,,74.0,,,216.0,ATL,GNV,300,,,1,A,0,,,,,
2008,11,29,6,1325.0,1301,,1354,EV,5401,N636AS,,53.0,,,24.0,ATL,AGS,143,,,1,A,0,,,,,
2008,11,30,7,2213.0,1959,,2212,FL,402,N946AT,,133.0,,,134.0,BWI,TPA,842,,,1,A,0,,,,,
2008,11,23,7,926.0,745,,845,MQ,3011,N821MQ,,60.0,,,101.0,LAX,FAT,209,,9.0,1,B,0,,,,,
2008,11,22,6,843.0,720,,815,MQ,3025,N823MQ,,55.0,,,83.0,LAX,SAN,109,,,1,B,0,,,,,
2008,11,12,3,1936.0,1920,,2025,MQ,3027,N853MQ,,65.0,,,16.0,LAX,MRY,267,,,1,B,0,,,,,
2008,11,7,5,1649.0,1350,,1440,MQ,3042,N823MQ,,50.0,,,179.0,SBA,LAX,89,,,1,A,0,,,,,
2008,11,22,6,845.0,825,,915,MQ,3047,N807MQ,,50.0,,,20.0,LAX,SAN,109,,,1,B,0,,,,,
2008,11,7,5,1453.0,1400,,1530,MQ,3118,N506MQ,,210.0,,,53.0,XNA,LAX,1371,,,1,A,0,,,,,
2008,11,19,3,1128.0,945,,1040,MQ,3491,N509MQ,,55.0,,,103.0,DFW,SHV,190,,,1,A,0,,,,,
2008,11,10,1,1910.0,1810,,1920,MQ,3544,N617MQ,,70.0,,,60.0,AMA,DFW,313,,,1,C,0,,,,,
2008,11,10,1,2346.0,1925,,2120,MQ,3571,N683MQ,,115.0,,,261.0,DFW,PIA,673,,,1,C,0,,,,,
2008,11,30,7,2200.0,1910,,2000,MQ,3928,N620MQ,,50.0,,,170.0,ORD,CMI,135,,,1,B,0,,,,,
2008,11,30,7,857.0,825,,915,MQ,3945,N665MQ,,50.0,,,32.0,ORD,BMI,116,,15.0,1,B,0,,,,,
2008,11,30,7,141.0,2055,,2240,MQ,3955,N642MQ,,105.0,,,286.0,ORD,MEM,491,,,1,B,0,,,,,
2008,11,8,6,1618.0,1340,,1459,MQ,3964,N652MQ,,79.0,,,158.0,BWI,JFK,184,,,1,C,0,,,,,
2008,11,11,2,2200.0,2150,,2240,MQ,4053,N630MQ,,50.0,,,10.0,ORD,DBQ,147,,24.0,1,B,0,,,,,
2008,11,30,7,2337.0,2030,,2245,MQ,4109,N513MQ,,75.0,,,187.0,ORD,CLE,316,,,1,B,0,,,,,
2008,11,30,7,1555.0,1500,,1700,MQ,4210,N629MQ,,60.0,,,55.0,ORD,TVC,224,,33.0,1,B,0,,,,,
2008,11,14,5,1640.0,1355,,1530,MQ,4656,N852MQ,,95.0,,,165.0,RDU,JFK,426,,,1,C,0,,,,,
2008,11,6,4,739.0,725,,910,MQ,4727,N842MQ,,105.0,,,14.0,RDU,LGA,431,,,1,C,0,,,,,
2008,11,30,7,1317.0,1245,,1734,NW,610,N333NW,,169.0,,,32.0,GEG,MSP,1175,,,1,A,0,,,,,
2008,11,6,4,543.0,440,,613,NW,1428,N967N,,93.0,,,63.0,MOT,MSP,449,,,1,C,0,,,,,
2008,11,4,2,1952.0,1935,,2055,9E,2222,86319E,,80.0,,,17.0,MEM,PNS,355,,15.0,1,A,0,,,,,
2008,11,9,7,1000.0,930,,1053,9E,2259,84169E,,83.0,,,30.0,MEM,TUL,342,,15.0,1,A,0,,,,,
2008,11,11,2,1301.0,1133,,1300,9E,2284,88779E,,87.0,,,88.0,OKC,MEM,432,,,1,A,0,,,,,
2008,11,14,5,1723.0,1702,,1725,9E,2314,87339E,,83.0,,,21.0,DTW,ATW,297,,,1,A,0,,,,,
2008,11,30,7,2007.0,1955,,2223,9E,2860,86319E,,88.0,,,12.0,MSP,TVC,375,,11.0,1,B,0,,,,,
2008,11,6,4,914.0,907,,1226,9E,2961,87339E,,139.0,,,7.0,ICT,DTW,811,,,1,A,0,,,,,
2008,11,12,3,611.0,540,,750,9E,5820,9189E,,70.0,,,31.0,MOB,ATL,302,,,1,A,0,,,,,
2008,11,7,5,1757.0,1725,,1925,9E,5828,9169E,,60.0,,,32.0,BHM,ATL,134,,,1,C,0,,,,,
2008,11,24,1,1657.0,1645,,2000,AA,354,N567AA,,135.0,,,12.0,ORD,LGA,733,,18.0,1,A,0,,,,,
2008,11,16,7,2204.0,2130,,2355,AA,1012,N3APAA,,145.0,,,34.0,MIA,DCA,920,,21.0,1,A,0,,,,,
2008,11,9,7,1631.0,1445,,1740,AA,1181,N571AA,,235.0,,,106.0,PHL,DFW,1302,,,1,A,0,,,,,
2008,11,10,1,1711.0,1535,,1845,AA,1454,N245AA,,130.0,,,96.0,TUS,DFW,813,,10.0,1,B,0,,,,,
2008,11,13,4,704.0,655,,1125,AA,1466,N4XLAA,,210.0,,,9.0,DFW,BOS,1562,,,1,A,0,,,,,
2008,11,13,4,1202.0,1100,,1420,AA,1638,N5BTAA,,140.0,,,62.0,DFW,MCO,984,,9.0,1,A,0,,,,,
2008,11,1,6,1850.0,1510,,1640,B6,1282,N284JB,,90.0,,,220.0,RIC,BOS,474,,,1,A,0,,,,,
2008,11,25,2,826.0,800,,950,B6,1051,N179JB,,110.0,,,26.0,JFK,PIT,340,,,1,A,0,,,,,
2008,11,30,7,2142.0,2120,,514,CO,1686,N16732,,294.0,,,22.0,SNA,EWR,2433,,,1,C,0,,,,,
2008,12,17,3,1323.0,1250,,1405,WN,3095,N906WN,,75.0,,,33.0,SAN,LAS,258,,20.0,1,A,0,,,,,
2008,12,18,4,1829.0,1740,,1825,WN,654,N454WN,,105.0,,,49.0,OMA,DEN,472,,,1,B,0,,,,,
2008,12,18,4,1738.0,1425,,1750,WN,3116,N618WN,,145.0,,,193.0,PHX,OMA,1037,,7.0,1,B,0,,,,,
2008,12,19,5,1558.0,1550,,1655,WN,2245,N245WN,,65.0,,,8.0,BWI,BDL,283,,8.0,1,B,0,,,,,
2008,12,19,5,1538.0,1505,,1615,WN,2280,N204WN,,70.0,,,33.0,BWI,PVD,328,,10.0,1,A,0,,,,,
2008,12,20,6,2125.0,1955,,2205,WN,76,N926WN,,190.0,,,90.0,DEN,SEA,1024,,15.0,1,B,0,,,,,
2008,12,21,7,1246.0,1150,,1355,WN,852,N482WN,,125.0,,,56.0,OAK,SEA,671,,12.0,1,B,0,,,,,
2008,12,21,7,1327.0,1320,,1515,WN,1255,N704SW,,115.0,,,7.0,SMF,SEA,605,,8.0,1,B,0,,,,,
2008,12,22,1,1008.0,945,,1220,WN,3117,N244WN,,275.0,,,23.0,MDW,PDX,1751,,5.0,1,B,0,,,,,
2008,12,23,2,2323.0,1555,,1655,WN,1400,N247WN,,60.0,,,448.0,STL,MDW,251,,17.0,1,A,0,,,,,
2008,12,26,5,1628.0,1125,,1145,WN,1363,N735SA,,80.0,,,303.0,DTW,MDW,229,,23.0,1,B,0,,,,,
2008,12,27,6,644.0,625,,825,WN,3454,N613SW,,60.0,,,19.0,GEG,BOI,287,,,1,B,0,,,,,
2008,12,31,3,937.0,930,,1035,WN,119,N273WN,,65.0,,,7.0,BWI,BDL,283,,15.0,1,A,0,,,,,
2008,12,26,5,2112.0,1930,,2123,XE,1237,N13997,,173.0,,,102.0,EWR,ORD,719,,,1,B,0,,,,,
2008,12,26,5,2015.0,1850,,1938,XE,2333,N15572,,108.0,,,85.0,CLE,ORD,316,,,1,B,0,,,,,
2008,12,23,2,2114.0,2015,,2132,XE,2368,N11106,,77.0,,,59.0,CLE,BWI,314,,,1,B,0,,,,,
2008,12,23,2,153.0,1500,,1754,XE,2865,N14148,,174.0,,,653.0,ORD,IAH,925,,,1,A,0,,,,,
2008,12,23,2,2124.0,2050,,2154,XE,3107,N22971,,64.0,,,34.0,CLE,GRR,214,,,1,B,0,,,,,
2008,12,20,6,2019.0,1545,,1702,XE,1252,N12967,,77.0,,,274.0,BOS,EWR,200,,,1,B,0,,,,,
2008,12,19,5,1944.0,1910,,2004,XE,2016,N12946,,54.0,,,34.0,IAH,LCH,127,,,1,B,0,,,,,
2008,12,19,5,1807.0,1500,,1807,XE,2245,N11150,,247.0,,,187.0,EWR,OKC,1325,,,1,B,0,,,,,
2008,12,19,5,1110.0,1020,,1344,XE,2351,N26549,,144.0,,,50.0,STL,EWR,872,,,1,B,0,,,,,
2008,12,19,5,954.0,935,,1252,XE,2573,N21537,,137.0,,,19.0,BNA,EWR,748,,,1,B,0,,,,,
2008,12,19,5,1314.0,1250,,1343,XE,3075,N13995,,53.0,,,24.0,EWR,PVD,160,,,1,B,0,,,,,
2008,12,18,4,1707.0,1635,,1808,XE,2162,N11184,,93.0,,,32.0,IAH,TUL,429,,25.0,1,B,0,,,,,
2008,12,18,4,1849.0,1750,,2015,XE,2262,N21154,,145.0,,,59.0,OMA,IAH,781,,,1,B,0,,,,,
2008,12,18,4,1931.0,1905,,2030,XE,3105,N11551,,85.0,,,26.0,IAH,LIT,374,,,1,B,0,,,,,
2008,12,16,2,1856.0,1844,,1948,XE,2710,N15948,,64.0,,,12.0,IAH,BTR,253,,13.0,1,B,0,,,,,
2008,12,16,2,2157.0,2015,,2252,XE,2753,N18120,,217.0,,,102.0,EWR,LIT,1069,,,1,B,0,,,,,
2008,12,15,1,1044.0,940,,1145,XE,2119,N16541,,125.0,,,64.0,MCI,IAH,643,,,1,B,0,,,,,
2008,12,15,1,859.0,725,,922,XE,2843,N11140,,177.0,,,94.0,IAH,PHX,1009,,34.0,1,B,0,,,,,
2008,12,15,1,1832.0,1500,,1747,XE,2865,N11107,,167.0,,,212.0,ORD,IAH,925,,,1,C,0,,,,,
2008,12,14,7,1530.0,1440,,1542,XE,2460,N14930,,62.0,,,50.0,LFT,IAH,201,,,1,A,0,,,,,
2008,12,11,4,1821.0,1415,,1614,XE,2425,N11536,,119.0,,,246.0,PWM,EWR,284,,,1,B,0,,,,,
2008,12,10,3,2134.0,1940,,2032,XE,2016,N14933,,52.0,,,114.0,IAH,LCH,127,,,1,B,0,,,,,
2008,12,10,3,2004.0,1734,,2103,XE,2044,N11155,,149.0,,,150.0,IAH,CLT,913,,,1,B,0,,,,,
2008,12,10,3,1907.0,1855,,2239,XE,2050,N21144,,164.0,,,12.0,IAH,RIC,1157,,,1,B,0,,,,,
2008,12,10,3,1955.0,1810,,1927,XE,2307,N14904,,137.0,,,105.0,IAH,ABQ,744,,,1,B,0,,,,,
2008,12,10,3,1947.0,1800,,1947,XE,2376,N12957,,107.0,,,107.0,IAH,ICT,542,,,1,B,0,,,,,
2008,12,10,3,1950.0,1815,,1920,XE,2417,N24128,,125.0,,,95.0,IAH,ELP,667,,,1,B,0,,,,,
2008,12,10,3,1731.0,1722,,2110,XE,2508,N14143,,168.0,,,9.0,IAH,PIT,1117,,,1,B,0,,,,,
2008,12,10,3,1902.0,1735,,1917,XE,2648,N14117,,102.0,,,87.0,IAH,BHM,562,,,1,B,0,,,,,
2008,12,10,3,2133.0,2115,,2259,XE,2673,N13202,,164.0,,,18.0,IAH,TUS,936,,,1,C,0,,,,,
2008,12,10,3,1911.0,1850,,2219,XE,2732,N11121,,149.0,,,21.0,IAH,CLT,913,,,1,A,0,,,,,
2008,12,10,3,2105.0,1855,,2220,XE,2736,N41104,,145.0,,,130.0,IAH,CRW,975,,,1,C,0,,,,,
2008,12,10,3,2110.0,1900,,2103,XE,2820,N33182,,123.0,,,130.0,IAH,STL,668,,,1,B,0,,,,,
2008,12,10,3,1606.0,1600,,1757,XE,2898,N11140,,177.0,,,6.0,IAH,PHX,1009,,,1,C,0,,,,,
2008,12,10,3,2013.0,1745,,1859,XE,2941,N12996,,74.0,,,148.0,IAH,HRL,295,,,1,B,0,,,,,
2008,12,5,5,1517.0,1510,,1615,XE,2173,N19554,,65.0,,,7.0,BUF,CLE,192,,,1,A,0,,,,,
2008,12,1,1,1038.0,810,,853,YV,7091,N17175,,43.0,,,148.0,ORD,MKE,67,,47.0,1,B,0,,,,,
2008,12,4,4,1820.0,1750,,1922,YV,2664,N923FJ,,92.0,,,30.0,CLT,MDT,413,,,1,A,0,,,,,
2008,12,4,4,1805.0,1752,,1924,YV,2609,N905FJ,,92.0,,,13.0,CLT,SDF,336,,5.0,1,A,0,,,,,
2008,12,4,4,1147.0,1125,,1226,YV,7193,N446YV,,61.0,,,22.0,DEN,ASE,125,,,1,B,0,,,,,
2008,12,4,4,1622.0,1455,,1613,YV,7051,N27173,,78.0,,,87.0,DSM,ORD,299,,11.0,1,A,0,,,,,
2008,12,8,1,1530.0,1513,,1621,YV,7062,N436YV,,68.0,,,17.0,DEN,GUC,152,,21.0,1,B,0,,,,,
2008,12,9,2,1930.0,1630,,1719,YV,7170,N17156,,49.0,,,180.0,MKE,ORD,67,,,1,C,0,,,,,
2008,12,9,2,1922.0,1758,,1848,YV,7074,N570ML,,50.0,,,84.0,ORD,MKE,67,,,1,C,0,,,,,
2008,12,9,2,823.0,807,,850,YV,7091,N77195,,43.0,,,16.0,ORD,MKE,67,,24.0,1,B,0,,,,,
2008,12,9,2,2033.0,1605,,1832,YV,7073,N510MJ,,87.0,,,268.0,ORD,PIT,412,,,1,C,0,,,,,
2008,12,10,3,1240.0,1212,,1358,YV,2610,N907FJ,,106.0,,,28.0,CLT,EWR,529,,,1,C,0,,,,,
2008,12,10,3,1905.0,1625,,1854,YV,7042,N77181,,89.0,,,160.0,ORD,BUF,473,,18.0,1,A,0,,,,,
2008,12,13,6,1505.0,1445,,1606,YV,7258,N519LR,,81.0,,,20.0,IAD,LGA,229,,16.0,1,A,0,,,,,
2008,12,15,1,1806.0,1755,,1853,YV,7151,N455YV,,58.0,,,11.0,DEN,EGE,121,,34.0,1,B,0,,,,,
2008,12,16,2,1624.0,1332,,1444,YV,7075,N651ML,,72.0,,,172.0,CID,ORD,196,,,1,C,0,,,,,
2008,12,16,2,1543.0,1446,,1633,YV,7174,N506MJ,,107.0,,,57.0,ORD,BHM,584,,,1,B,0,,,,,
2008,12,16,2,2253.0,1828,,2123,YV,7089,N510MJ,,115.0,,,265.0,ORD,CLT,599,,,1,B,0,,,,,
2008,12,16,2,1712.0,1600,,1806,YV,7165,N508MJ,,66.0,,,72.0,ORD,DAY,240,,,1,C,0,,,,,
2008,12,16,2,1031.0,948,,1052,YV,2839,N988HA,,64.0,,,43.0,PHX,FLG,119,,,1,B,0,,,,,
2008,12,18,4,1530.0,1235,,1331,YV,7272,N571ML,,56.0,,,175.0,IAD,ROA,177,,17.0,1,B,0,,,,,
2008,12,18,4,1206.0,1158,,1410,YV,7282,N17175,,132.0,,,8.0,ORD,OKC,693,,,1,B,0,,,,,
2008,12,19,5,1940.0,1610,,1711,YV,2857,N991HA,,61.0,,,210.0,PHX,FLG,119,,25.0,1,B,0,,,,,
2008,12,20,6,2153.0,2105,,2357,YV,7259,N518LR,,112.0,,,48.0,ORD,ATL,606,,,1,A,0,,,,,
2008,12,21,7,1432.0,1255,,1350,YV,7299,N75992,,55.0,,,97.0,ORD,GRB,174,,,1,A,0,,,,,
2008,12,21,7,1450.0,1157,,1409,YV,7282,N17175,,132.0,,,173.0,ORD,OKC,693,,24.0,1,A,0,,,,,
2008,12,22,1,2003.0,1929,,2057,YV,7119,N455YV,,88.0,,,34.0,DEN,DRO,251,,12.0,1,C,0,,,,,
2008,12,22,1,1928.0,1159,,1322,YV,7095,N434YV,,83.0,,,449.0,DRO,DEN,251,,,1,C,0,,,,,
2008,12,22,1,1459.0,1425,,1658,YV,7076,N715SF,,93.0,,,34.0,ORD,TYS,475,,12.0,1,A,0,,,,,
2008,12,23,2,2130.0,1422,,1535,YV,7291,N651ML,,133.0,,,428.0,ABE,ORD,654,,,1,A,0,,,,,
2008,12,23,2,1930.0,1904,,2204,YV,7328,N510MJ,,120.0,,,26.0,ORD,ORF,717,,,1,B,0,,,,,
2008,12,23,2,1645.0,1155,,1339,YV,7305,N154SF,,44.0,,,290.0,ORD,SBN,84,,74.0,1,C,0,,,,,
2008,12,25,4,915.0,854,,952,YV,7084,N456YV,,58.0,,,21.0,DEN,EGE,121,,16.0,1,B,0,,,,,
2008,12,26,5,907.0,747,,900,YV,7187,N27314,,133.0,,,80.0,CAE,ORD,666,,,1,C,0,,,,,
2008,12,26,5,1848.0,1701,,1825,YV,7239,N514MJ,,144.0,,,107.0,CHS,ORD,760,,,1,B,0,,,,,
2008,12,26,5,1250.0,1205,,1355,YV,2895,N17337,,110.0,,,45.0,DRO,PHX,351,,,1,A,0,,,,,
2008,12,26,5,1820.0,1347,,1353,YV,7083,N37208,,66.0,,,273.0,LAN,ORD,179,,8.0,1,B,0,,,,,
2008,12,27,6,634.0,623,,735,YV,7183,N501MJ,,72.0,,,11.0,ORD,DSM,299,,12.0,1,B,0,,,,,
2008,12,29,1,1220.0,1124,,1257,YV,7059,N445YV,,93.0,,,56.0,DEN,RAP,301,,16.0,1,B,0,,,,,
2008,12,30,2,1650.0,1635,,1744,YV,2917,N77260,,69.0,,,15.0,LAS,SAN,258,,28.0,1,B,0,,,,,
2008,12,19,5,914.0,859,,1115,NW,1719,N755NW,,136.0,,,15.0,PVD,DTW,614,,10.0,1,A,0,,,,,
2008,12,14,7,1730.0,1720,,1847,OH,6391,N391CA,,87.0,,,10.0,JFK,PHL,94,,,1,C,0,,,,,
2008,12,16,2,2357.0,2100,,2238,OH,6787,N689CA,,98.0,,,177.0,JFK,DCA,213,,,1,B,0,,,,,
2008,12,16,2,1704.0,1605,,1714,OH,6804,N582CA,,129.0,,,59.0,ATL,ORD,606,,,1,B,0,,,,,
2008,12,17,3,710.0,640,,830,OH,6633,N807CA,,110.0,,,30.0,BOS,DCA,399,,38.0,1,A,0,,,,,
2008,12,19,5,2138.0,1920,,2245,OH,6821,N554CA,,265.0,,,138.0,JFK,IAH,1417,,,1,B,0,,,,,
2008,12,23,2,1915.0,1655,,1801,OH,6346,N959CA,,66.0,,,140.0,CVG,CLE,221,,32.0,1,B,0,,,,,
2008,12,23,2,1550.0,1515,,1702,OH,6542,N957CA,,107.0,,,35.0,CVG,ALB,623,,,1,B,0,,,,,
2008,12,26,5,1650.0,1600,,1837,OH,6607,N786CA,,97.0,,,50.0,CID,CVG,419,,,1,B,0,,,,,
2008,12,31,3,1525.0,1501,,1635,OH,6676,N398CA,,94.0,,,24.0,DCA,JFK,213,,,1,A,0,,,,,
2008,12,19,5,2353.0,2210,,2324,OO,2557,N407SW,,74.0,,,103.0,MKE,OMA,426,,,1,B,0,,,,,
2008,12,29,1,1750.0,1645,,1835,OO,2716,N506CA,,50.0,,,65.0,MKE,FNT,211,,16.0,1,A,0,,,,,
2008,12,26,5,1800.0,1705,,1745,OO,2795,N507CA,,40.0,,,55.0,GRB,MKE,107,,11.0,1,B,0,,,,,
2008,12,9,2,1358.0,1330,,1700,OO,2874,N506CA,,150.0,,,28.0,MKE,EWR,725,,,1,B,0,,,,,
2008,12,7,7,1736.0,1545,,1910,OO,2880,N407SW,,145.0,,,111.0,MKE,EWR,725,,,1,A,0,,,,,
2008,12,26,5,1833.0,1645,,2043,OO,4428,N822SK,,178.0,,,108.0,SLC,IAH,1195,,,1,B,0,,,,,
2008,12,21,7,2255.0,2105,,2205,OO,4438,N423SW,,60.0,,,110.0,SLC,IDA,188,,14.0,1,B,0,,,,,
2008,12,23,2,1730.0,1520,,1531,OO,4520,N810SK,,71.0,,,130.0,CVG,ORD,264,,,1,A,0,,,,,
2008,12,13,6,1241.0,1105,,1234,OO,4552,N427SW,,89.0,,,96.0,SLC,BZN,347,,,1,B,0,,,,,
2008,12,31,3,1113.0,956,,1015,OO,4559,N814SK,,79.0,,,77.0,ATL,VPS,264,,,1,A,0,,,,,
2008,12,25,4,2206.0,2110,,2234,OO,4571,N427SW,,84.0,,,56.0,SLC,BIL,387,,206.0,1,B,0,,,,,
2008,12,28,7,1555.0,1045,,1250,OO,4690,N805SK,,65.0,,,310.0,VPS,ATL,264,,,1,A,0,,,,,
2008,12,25,4,1820.0,1746,,1816,OO,4695,N340CA,,90.0,,,34.0,SLC,LAS,368,,,1,B,0,,,,,
2008,12,4,4,1332.0,1325,,1601,OO,4703,N800SK,,216.0,,,7.0,ORD,SLC,1249,,20.0,1,A,0,,,,,
2008,12,13,6,1048.0,945,,1114,OO,4762,N455SW,,89.0,,,63.0,SLC,BIL,387,,123.0,1,B,0,,,,,
2008,12,25,4,2119.0,2055,,2144,OO,4763,N408SW,,109.0,,,24.0,SLC,PSP,541,,,1,B,0,,,,,
2008,12,25,4,2211.0,1952,,2044,OO,4780,N864AS,,112.0,,,139.0,SLC,PSC,521,,,1,B,0,,,,,
2008,12,25,4,2205.0,2120,,2229,OO,4795,N810SK,,69.0,,,45.0,SLC,BOI,291,,,1,A,0,,,,,
2008,12,20,6,1132.0,1102,,1219,OO,4819,N613SK,,77.0,,,30.0,SLC,ASE,291,,27.0,1,B,0,,,,,
2008,12,1,1,703.0,627,,718,OO,5405,N561SW,,51.0,,,36.0,LAX,SAN,109,,,1,B,0,,,,,
2008,12,17,3,1500.0,1335,,1617,OO,5714,N393SW,,102.0,,,85.0,LAX,SGU,348,,,1,B,0,,,,,
2008,12,30,2,631.0,540,,645,OO,5725,N295SW,,65.0,,,51.0,ACV,SMF,207,,23.0,1,B,0,,,,,
2008,12,19,5,1723.0,1652,,1810,OO,5732,N218SW,,78.0,,,31.0,GEG,SEA,224,,7.0,1,A,0,,,,,
2008,12,24,3,1604.0,1412,,1510,OO,5733,N221SW,,58.0,,,112.0,OTH,PDX,170,,,1,A,0,,,,,
2008,12,15,1,801.0,700,,915,OO,5739,N568SW,,135.0,,,61.0,RDM,SFO,462,,,1,C,0,,,,,
2008,12,15,1,1206.0,1148,,1233,OO,5744,N220SW,,45.0,,,18.0,LAX,CLD,86,,11.0,1,B,0,,,,,
2008,12,23,2,603.0,500,,625,OO,5762,N284YV,,85.0,,,63.0,LMT,PDX,240,,,1,B,0,,,,,
2008,12,23,2,2112.0,2051,,2131,OO,5789,N299SW,,40.0,,,21.0,PDX,EUG,106,,5.0,1,B,0,,,,,
2008,12,6,6,1806.0,1728,,1827,OO,5790,N288SW,,59.0,,,38.0,SFO,CIC,153,,11.0,1,B,0,,,,,
2008,12,20,6,1632.0,1623,,1733,OO,5791,N584SW,,70.0,,,9.0,PDX,LMT,240,,,1,B,0,,,,,
2008,12,3,3,1638.0,1618,,1728,OO,5791,N292SW,,70.0,,,20.0,PDX,LMT,240,,10.0,1,B,0,,,,,
2008,12,20,6,1722.0,1609,,1658,OO,5797,N234SW,,49.0,,,73.0,PDX,OTH,170,,,1,B,0,,,,,
2008,12,26,5,1946.0,1705,,1752,OO,5829,N916SW,,47.0,,,161.0,ORD,MKE,67,,,1,B,0,,,,,
2008,12,21,7,1046.0,1023,,1207,OO,5839,N980SW,,44.0,,,23.0,ORD,SBN,84,,37.0,1,B,0,,,,,
2008,12,22,1,2155.0,2115,,2210,OO,5889,N742SK,,55.0,,,40.0,DEN,GUC,152,,,1,B,0,,,,,
2008,12,22,1,1806.0,1800,,1908,OO,5927,N978SW,,68.0,,,6.0,DEN,DRO,251,,13.0,1,B,0,,,,,
2008,12,27,6,1020.0,951,,1054,OO,5934,N939SW,,63.0,,,29.0,ORD,CWA,213,,43.0,1,B,0,,,,,
2008,12,27,6,1741.0,1654,,1829,OO,5959,N746SK,,95.0,,,47.0,DEN,SLC,391,,,1,A,0,,,,,
2008,12,21,7,2145.0,1700,,1753,OO,5961,N753SK,,53.0,,,285.0,ORD,PIA,130,,,1,A,0,,,,,
2008,12,20,6,1915.0,1859,,2140,OO,6008,N707SK,,161.0,,,16.0,SEA,LAX,954,,,1,B,0,,,,,
2008,12,14,7,915.0,830,,923,OO,6063,N934SW,,53.0,,,45.0,DEN,HDN,142,,,1,B,0,,,,,
2008,12,8,1,1711.0,1653,,1745,OO,6153,N716SK,,52.0,,,18.0,ORD,ATW,160,,77.0,1,B,0,,,,,
2008,12,19,5,909.0,750,,1137,OO,6216,N727SK,,167.0,,,79.0,ASE,ORD,1013,,,1,A,0,,,,,
2008,12,16,2,1512.0,1500,,1615,OO,6298,N771SK,,75.0,,,12.0,ORD,DSM,299,,,1,B,0,,,,,
2008,12,9,2,2053.0,1836,,1910,OO,6476,N948SW,,94.0,,,137.0,CVG,ORD,264,,,1,C,0,,,,,
2008,12,13,6,1813.0,1336,,1514,OO,6478,N973SW,,98.0,,,277.0,BZN,DEN,525,,,1,A,0,,,,,
2008,12,1,1,2135.0,2121,,2302,OO,6538,N906SW,,101.0,,,14.0,DEN,IDA,458,,13.0,1,B,0,,,,,
2008,12,18,4,942.0,920,,1010,OO,6542,N705SK,,50.0,,,22.0,DEN,ASE,125,,12.0,1,B,0,,,,,
2008,12,22,1,1350.0,1208,,1301,OO,6573,N752SK,,53.0,,,102.0,DEN,HDN,142,,13.0,1,B,0,,,,,
2008,12,25,4,1827.0,1803,,1853,OO,6575,N710SK,,50.0,,,24.0,DEN,ASE,125,,17.0,1,B,0,,,,,
2008,12,18,4,1909.0,1855,,2154,OO,6582,N957SW,,119.0,,,14.0,DEN,MLI,751,,21.0,1,B,0,,,,,
2008,12,20,6,1848.0,1712,,1800,OO,6609,N740SK,,48.0,,,96.0,ASE,DEN,125,,,1,A,0,,,,,
2008,12,8,1,1549.0,1536,,1629,OO,6610,N957SW,,53.0,,,13.0,DEN,HDN,142,,18.0,1,B,0,,,,,
2008,12,22,1,1611.0,1458,,1548,OO,6620,N752SK,,50.0,,,73.0,DEN,ASE,125,,,1,B,0,,,,,
2008,12,22,1,648.0,636,,721,OO,6635,N912SW,,105.0,,,12.0,BIS,DEN,517,,,1,A,0,,,,,
2008,12,3,3,2211.0,2115,,2205,OO,6680,N712SK,,50.0,,,56.0,DEN,ASE,125,,,1,A,0,,,,,
2008,12,2,2,2123.0,2115,,2205,OO,6680,N712SK,,50.0,,,8.0,DEN,ASE,125,,15.0,1,B,0,,,,,
2008,12,17,3,2148.0,2115,,2205,OO,6680,N760SK,,50.0,,,33.0,DEN,ASE,125,,32.0,1,B,0,,,,,
2008,12,18,4,2243.0,2140,,2230,OO,6680,N703SK,,50.0,,,63.0,DEN,ASE,125,,22.0,1,B,0,,,,,
2008,12,20,6,2255.0,2140,,2230,OO,6680,N768SK,,50.0,,,75.0,DEN,ASE,125,,22.0,1,B,0,,,,,
2008,12,18,4,2317.0,2005,,2323,OO,6728,N957SW,,138.0,,,192.0,DEN,MKE,895,,38.0,1,B,0,,,,,
2008,12,22,1,934.0,922,,1037,OO,6752,N719SK,,135.0,,,12.0,SYR,ORD,607,,,1,A,0,,,,,
2008,12,19,5,1217.0,1119,,1309,OO,6765,N961SW,,110.0,,,58.0,DEN,BZN,525,,22.0,1,A,0,,,,,
2008,12,19,5,2141.0,1930,,2037,OO,7757,N237SW,,67.0,,,131.0,SLC,CDC,221,,,1,C,0,,,,,
2008,12,13,6,1626.0,1455,,1618,OO,7774,N583SW,,83.0,,,91.0,SLC,SGU,269,,24.0,1,B,0,,,,,
2008,12,3,3,1342.0,1335,,1443,OO,7790,N580SW,,68.0,,,7.0,SLC,SUN,223,,,1,A,0,,,,,
2008,12,27,6,1837.0,1715,,1829,OO,7794,N576SW,,74.0,,,82.0,SLC,SUN,223,,19.0,1,B,0,,,,,
2008,12,22,1,2107.0,1920,,2017,OO,7815,N561SW,,57.0,,,107.0,SLC,RKS,161,,19.0,1,B,0,,,,,
2008,12,18,4,1102.0,1010,,1226,OO,6080,N957SW,,76.0,,,52.0,DEN,ICT,419,,14.0,1,A,0,,,,,
2008,12,27,6,1742.0,1635,,1728,OO,7824,N297SW,,53.0,,,67.0,SLC,SUN,223,,12.0,1,A,0,,,,,
2008,12,16,2,1558.0,1458,,1730,UA,121,N182UA,,272.0,,,60.0,ORD,LAX,1745,,,1,A,0,,,,,
2008,12,23,2,1504.0,950,,1239,UA,139,N675UA,,289.0,,,314.0,ORD,SFO,1846,,,1,A,0,,,,,
2008,12,15,1,1724.0,1638,,2241,UA,150,N412UA,,243.0,,,46.0,SFO,ORD,1846,,,1,A,0,,,,,
2008,12,8,1,1230.0,1221,,1333,UA,151,N651UA,,132.0,,,9.0,IAD,ORD,589,,,1,A,0,,,,,
2008,12,1,1,1946.0,1850,,53,UA,152,N850UA,,243.0,,,56.0,SFO,ORD,1846,,,1,A,0,,,,,
2008,12,22,1,2131.0,1425,,1750,UA,168,N507UA,,145.0,,,426.0,SJC,DEN,948,,,1,A,0,,,,,
2008,12,19,5,1435.0,1327,,1643,UA,242,N383UA,,136.0,,,68.0,ORD,PVD,849,,,1,B,0,,,,,
2008,12,6,6,849.0,821,,1118,UA,261,N420UA,,357.0,,,28.0,IAD,SEA,2306,,,1,A,0,,,,,
2008,12,21,7,2349.0,2005,,2308,UA,349,N382UA,,243.0,,,224.0,ORD,BOI,1437,,,1,A,0,,,,,
2008,12,16,2,2213.0,1732,,2010,UA,371,N815UA,,278.0,,,281.0,ORD,PDX,1739,,,1,A,0,,,,,
2008,12,6,6,1903.0,1835,,2047,UA,501,N415UA,,252.0,,,28.0,MSY,LAX,1671,,9.0,1,B,0,,,,,
2008,12,23,2,203.0,1941,,2035,UA,505,N331UA,,114.0,,,382.0,MCI,DEN,533,,,1,A,0,,,,,
2008,12,26,5,825.0,812,,901,UA,589,N339UA,,109.0,,,13.0,BUF,ORD,473,,,1,A,0,,,,,
2008,12,5,5,1752.0,1656,,1813,UA,625,N536UA,,137.0,,,56.0,DCA,ORD,612,,,1,A,0,,,,,
2008,12,19,5,1434.0,1300,,1439,UA,681,N828UA,,159.0,,,94.0,LGA,ORD,733,,,1,A,0,,,,,
2008,12,9,2,1726.0,1700,,2021,UA,690,N506UA,,141.0,,,26.0,ORD,LGA,733,,,1,A,0,,,,,
2008,12,19,5,2206.0,1905,,2043,UA,693,N852UA,,158.0,,,181.0,LGA,ORD,733,,,1,A,0,,,,,
2008,12,9,2,2040.0,2001,,2140,UA,695,N823UA,,159.0,,,39.0,LGA,ORD,733,,,1,B,0,,,,,
2008,12,14,7,1125.0,1100,,1420,UA,814,N463UA,,140.0,,,25.0,LAX,DEN,862,,,1,A,0,,,,,
2008,12,16,2,7.0,2105,,20,UA,828,N824UA,,135.0,,,182.0,ORD,BOS,867,,,1,A,0,,,,,
2008,12,16,2,1747.0,1548,,1906,UA,882,N596UA,,138.0,,,119.0,ORD,BOS,867,,,1,B,0,,,,,
2008,12,16,2,2218.0,1900,,2135,UA,899,N430UA,,275.0,,,198.0,ORD,LAX,1745,,,1,A,0,,,,,
2008,12,16,2,1839.0,1543,,1817,UA,929,N507UA,,274.0,,,176.0,ORD,PDX,1739,,,1,B,0,,,,,
2008,12,22,1,1439.0,1043,,1649,UA,942,N432UA,,246.0,,,236.0,LAX,ORD,1745,,,1,A,0,,,,,
2008,12,23,2,1938.0,1743,,2018,UA,949,N538UA,,275.0,,,115.0,ORD,SEA,1721,,,1,B,0,,,,,
2008,12,26,5,1908.0,1726,,1855,UA,1208,N326UA,,89.0,,,102.0,MSP,ORD,334,,23.0,1,B,0,,,,,
2008,12,17,3,1154.0,1119,,1701,UA,1456,N479UA,,222.0,,,35.0,LAS,ORD,1515,,,1,B,0,,,,,
2008,12,3,3,2318.0,2149,,2342,UA,1459,N458UA,,113.0,,,89.0,DEN,PHX,602,,,1,A,0,,,,,
2008,12,23,2,1930.0,1844,,2251,UA,1528,N473UA,,187.0,,,46.0,ORD,MIA,1197,,,1,B,0,,,,,
2008,12,17,3,1314.0,1241,,1359,UA,1574,N472UA,,78.0,,,33.0,LAX,LAS,236,,21.0,1,B,0,,,,,
2008,12,5,5,956.0,829,,948,UA,1584,N454UA,,139.0,,,87.0,PHX,SFO,651,,12.0,1,A,0,,,,,
2008,12,31,3,2015.0,1947,,2258,UA,1675,N483UA,,131.0,,,28.0,ORD,MHT,843,,,1,A,0,,,,,
2008,12,4,4,800.0,730,,1027,US,1145,N117UW,,357.0,,,30.0,PHL,SAN,2369,,,1,A,0,,,,,
2008,12,11,4,1149.0,1125,,1346,US,450,N644AW,,261.0,,,24.0,ATL,PHX,1587,,,1,A,0,,,,,
2008,12,11,4,1320.0,1125,,1325,US,1576,N442US,,120.0,,,115.0,CLT,EWR,529,,30.0,1,C,0,,,,,
2008,12,14,7,2106.0,1815,,2121,US,1069,N182UW,,186.0,,,171.0,PHL,RSW,992,,,1,A,0,,,,,
2008,12,17,3,1658.0,1455,,2225,US,1750,N935UW,,270.0,,,123.0,LAS,PHL,2176,,,1,B,0,,,,,
2008,12,17,3,1503.0,1446,,1502,US,420,N813AW,,76.0,,,17.0,PHX,LAS,256,,,1,B,0,,,,,
2008,12,17,3,1400.0,1345,,1501,US,1072,N119US,,76.0,,,15.0,SAN,LAS,258,,,1,B,0,,,,,
2008,12,18,4,719.0,700,,813,US,101,N818AW,,73.0,,,19.0,LAS,LAX,236,,,1,C,0,,,,,
2008,12,18,4,1701.0,1635,,1903,US,591,N305AW,,148.0,,,26.0,LAS,PDX,762,,,1,A,0,,,,,
2008,12,19,5,2218.0,2000,,2132,US,2049,N763US,,92.0,,,138.0,BOS,DCA,399,,,1,A,0,,,,,
2008,12,19,5,1520.0,1510,,1732,US,1741,N452UW,,142.0,,,10.0,DCA,TPA,814,,,1,A,0,,,,,
2008,12,19,5,1015.0,940,,1650,US,310,N667AW,,250.0,,,35.0,LAS,CLT,1916,,,1,A,0,,,,,
2008,12,19,5,1306.0,1000,,1644,US,12,N603AW,,284.0,,,186.0,PHX,JFK,2153,,,1,C,0,,,,,
2008,12,21,7,738.0,700,,1005,US,522,N637AW,,245.0,,,38.0,MKE,PHX,1460,,,1,A,0,,,,,
2008,12,21,7,1315.0,845,,1652,US,752,N192UW,,307.0,,,270.0,SEA,PHL,2378,,,1,B,0,,,,,
2008,12,26,5,2039.0,2020,,2132,US,1124,N111US,,132.0,,,19.0,CLT,ORD,599,,,1,B,0,,,,,
2008,12,15,1,643.0,630,,1009,DL,1747,N911DL,,159.0,,,13.0,MSP,ATL,906,,,1,A,0,,,,,
2008,12,16,2,1617.0,1559,,1622,DL,1861,N917DL,,83.0,,,18.0,ATL,GPT,352,,28.0,1,C,0,,,,,
2008,12,17,3,1510.0,1342,,1604,DL,170,N174DZ,,82.0,,,88.0,LAS,SLC,368,,,1,B,0,,,,,
2008,12,17,3,1719.0,1450,,2136,DL,1798,N6716C,,226.0,,,149.0,LAS,ATL,1747,,,1,B,0,,,,,
2008,12,19,5,1136.0,1055,,1333,DL,1484,N933DL,,158.0,,,41.0,MCO,LGA,950,,,1,B,0,,,,,
2008,12,20,6,2023.0,1629,,1808,DL,31,N171DN,,99.0,,,234.0,JFK,BOS,187,,,1,A,0,,,,,
2008,12,21,7,1209.0,1130,,1243,DL,1382,N910DE,,73.0,,,39.0,LGA,BOS,185,,,1,B,0,,,,,
2008,12,26,5,708.0,615,,907,DL,1163,N906DA,,112.0,,,53.0,GEG,SLC,546,,,1,A,0,,,,,
2008,12,26,5,1602.0,1440,,1741,DL,1865,N908DL,,181.0,,,82.0,BOS,ATL,946,,,1,A,0,,,,,
2008,12,17,3,1001.0,941,,1041,EV,5172,N390CA,,60.0,,,20.0,ATL,GSP,153,,34.0,1,A,0,,,,,
2008,12,10,3,2018.0,2000,,2120,EV,5178,N741EV,,80.0,,,18.0,ATL,SDF,321,,18.0,1,A,0,,,,,
2008,12,23,2,1559.0,1525,,1652,EV,5185,N850AS,,87.0,,,34.0,CVG,RDU,390,,149.0,1,A,0,,,,,
2008,12,28,7,1131.0,1058,,1222,EV,5307,N857AS,,144.0,,,33.0,ATL,ICT,781,,39.0,1,A,0,,,,,
2008,12,10,3,1706.0,1611,,1704,EV,5335,N976EV,,53.0,,,55.0,ATL,ABY,146,,49.0,1,B,0,,,,,
2008,12,18,4,2240.0,2009,,2057,EV,5345,N839AS,,108.0,,,151.0,ATL,SHV,552,,16.0,1,A,0,,,,,
2008,12,10,3,1534.0,1245,,1359,EV,5367,N823AS,,74.0,,,169.0,GNV,ATL,300,,,1,A,0,,,,,
2008,12,10,3,1319.0,1215,,1325,EV,5376,N921EV,,70.0,,,64.0,ATL,FAY,331,,42.0,1,A,0,,,,,
2008,12,21,7,1554.0,545,,849,EV,5381,N932EV,,124.0,,,609.0,MLI,ATL,633,,35.0,1,A,0,,,,,
2008,12,26,5,1752.0,600,,852,EV,5477,N684BR,,112.0,,,712.0,PIA,ATL,564,,,1,B,0,,,,,
2008,12,11,4,727.0,600,,844,EV,5479,N840AS,,104.0,,,87.0,LFT,ATL,503,,,1,B,0,,,,,
2008,12,21,7,1637.0,1233,,1520,EV,5593,N861AS,,107.0,,,244.0,BMI,ATL,533,,,1,A,0,,,,,
2008,12,18,4,2043.0,2036,,2051,EV,5655,N852AS,,75.0,,,7.0,ATL,PFN,247,,,1,B,0,,,,,
2008,12,18,4,1236.0,1206,,1320,EV,4943,N920EV,,74.0,,,30.0,ATL,ROA,357,,16.0,1,B,0,,,,,
2008,12,21,7,1707.0,943,,1218,EV,4945,N908EV,,95.0,,,444.0,STL,ATL,483,,,1,A,0,,,,,
2008,12,5,5,1120.0,835,,934,EV,4950,N390CA,,59.0,,,165.0,ATL,SAV,215,,,1,A,0,,,,,
2008,12,10,3,1938.0,1835,,1942,EV,4992,N907EV,,67.0,,,63.0,AVL,ATL,164,,,1,A,0,,,,,
2008,12,20,6,1206.0,1110,,1225,EV,5014,N889AS,,75.0,,,56.0,ATL,GSO,306,,,1,A,0,,,,,
2008,12,22,1,1817.0,1315,,1308,EV,5035,N979EV,,53.0,,,302.0,ATL,HSV,151,,,1,A,0,,,,,
2008,12,18,4,2131.0,1955,,2058,EV,5062,N821AS,,63.0,,,96.0,CVG,CRW,173,,40.0,1,B,0,,,,,
2008,12,20,6,1805.0,1755,,1951,F9,811,N932FR,,176.0,,,10.0,DEN,SEA,1024,,38.0,1,B,0,,,,,
2008,12,22,1,843.0,830,,1018,F9,791,N937FR,,168.0,,,13.0,DEN,PDX,992,,9.0,1,B,0,,,,,
2008,12,10,3,1144.0,1000,,1130,FL,127,N292AT,,90.0,,,104.0,ATL,TPA,406,,,1,A,0,,,,,
2008,12,17,3,1506.0,1240,,1923,FL,774,N288AT,,223.0,,,146.0,LAS,ATL,1747,,,1,B,0,,,,,
2008,12,23,2,2225.0,2150,,2319,FL,705,N287AT,,89.0,,,35.0,ATL,DAY,432,,18.0,1,B,0,,,,,
2008,12,23,2,2020.0,1748,,1907,FL,459,N894AT,,79.0,,,152.0,DAY,BWI,406,,,1,A,0,,,,,
2008,12,26,5,1808.0,1649,,1745,FL,20,N281AT,,116.0,,,79.0,ATL,MDW,590,,,1,B,0,,,,,
2008,12,26,5,2026.0,2005,,2108,FL,219,N184AT,,123.0,,,21.0,BWI,MKE,641,,,1,B,0,,,,,
2008,12,21,7,1518.0,850,,1245,HA,25,N590HA,,355.0,,,388.0,PDX,HNL,2603,,,1,A,0,,,,,
2008,12,15,1,1430.0,1420,,1458,HA,353,N490HA,,38.0,,,10.0,HNL,LIH,102,,,1,A,0,,,,,
2008,12,13,6,2007.0,1950,,2027,HA,556,N477HA,,37.0,,,17.0,HNL,OGG,100,,,1,A,0,,,,,
2008,12,15,1,1036.0,955,,1045,MQ,3046,N816MQ,,50.0,,,41.0,SAN,LAX,109,,,1,A,0,,,,,
2008,12,31,3,1552.0,1425,,1505,MQ,3081,N854MQ,,40.0,,,87.0,LAX,SBA,89,,17.0,1,B,0,,,,,
2008,12,26,5,1756.0,1355,,1530,MQ,3118,N521MQ,,215.0,,,241.0,XNA,LAX,1371,,,1,A,0,,,,,
2008,12,7,7,1114.0,1050,,1220,MQ,3166,N837MQ,,90.0,,,24.0,SNA,SFO,372,,,1,C,0,,,,,
2008,12,30,2,1059.0,1050,,1220,MQ,3166,N824MQ,,90.0,,,9.0,SNA,SFO,372,,,1,A,0,,,,,
2008,12,23,2,938.0,905,,1000,MQ,3351,N638MQ,,55.0,,,33.0,DFW,CLL,164,,17.0,1,B,0,,,,,
2008,12,15,1,1922.0,1905,,2020,MQ,3358,N516MQ,,75.0,,,17.0,LIT,DFW,304,,,1,B,0,,,,,
2008,12,16,2,1034.0,945,,1055,MQ,3403,N626MQ,,70.0,,,49.0,DFW,HOU,247,,,1,B,0,,,,,
2008,12,15,1,1845.0,1710,,1830,MQ,3538,N506MQ,,80.0,,,95.0,LIT,DFW,304,,,1,B,0,,,,,
2008,12,27,6,735.0,720,,825,MQ,3553,N512MQ,,65.0,,,15.0,DFW,LBB,282,,,1,B,0,,,,,
2008,12,15,1,2152.0,2100,,2205,MQ,3559,N509MQ,,65.0,,,52.0,DFW,XNA,281,,,1,B,0,,,,,
2008,12,16,2,1133.0,1010,,1115,MQ,3607,N506MQ,,65.0,,,83.0,DFW,XNA,281,,,1,B,0,,,,,
2008,12,26,5,1438.0,1430,,1645,MQ,3622,N623MQ,,135.0,,,8.0,CID,DFW,685,,,1,B,0,,,,,
2008,12,27,6,955.0,835,,950,MQ,3663,N909MQ,,75.0,,,80.0,DFW,SGF,364,,,1,B,0,,,,,
2008,12,16,2,919.0,900,,1020,MQ,3715,N678MQ,,80.0,,,19.0,DFW,LFT,351,,,1,B,0,,,,,
2008,12,27,6,838.0,825,,1150,MQ,3727,N670MQ,,145.0,,,13.0,DFW,GSO,999,,,1,B,0,,,,,
2008,12,16,2,917.0,755,,905,MQ,3761,N638MQ,,70.0,,,82.0,DFW,HOU,247,,,1,B,0,,,,,
2008,12,9,2,1707.0,1645,,1810,MQ,3770,N676MQ,,85.0,,,22.0,SGF,DFW,364,,,1,B,0,,,,,
2008,12,15,1,2141.0,2000,,2030,MQ,3775,N696MQ,,90.0,,,101.0,DFW,ROW,435,,,1,B,0,,,,,
2008,12,10,3,1218.0,1150,,1300,MQ,3797,N698MQ,,70.0,,,28.0,DFW,HOU,247,,,1,B,0,,,,,
2008,12,15,1,2048.0,2035,,2225,MQ,3863,N638MQ,,110.0,,,13.0,DFW,VPS,626,,,1,B,0,,,,,
2008,12,3,3,1746.0,630,,730,MQ,3907,N693MQ,,60.0,,,676.0,CID,ORD,196,,,1,C,0,,,,,
2008,12,1,1,2336.0,1910,,2000,MQ,3928,N656MQ,,50.0,,,266.0,ORD,CMI,135,,,1,C,0,,,,,
2008,12,9,2,1717.0,1630,,1730,MQ,3948,N611MQ,,60.0,,,47.0,BMI,ORD,116,,,1,B,0,,,,,
2008,12,18,4,2026.0,2020,,2110,MQ,3949,N905MQ,,50.0,,,6.0,ORD,BMI,116,,17.0,1,B,0,,,,,
2008,12,27,6,1427.0,1245,,1435,MQ,3951,N615MQ,,110.0,,,102.0,LIT,ORD,552,,,1,C,0,,,,,
2008,12,16,2,22.0,1955,,2135,MQ,3956,N804MQ,,40.0,,,267.0,GRB,MQT,134,,27.0,1,B,0,,,,,
2008,12,23,2,1048.0,915,,1000,MQ,3973,N672MQ,,45.0,,,93.0,ORD,MKE,67,,,1,C,0,,,,,
2008,12,14,7,1856.0,1750,,2010,MQ,3990,N610MQ,,80.0,,,66.0,ORD,MQT,303,,18.0,1,B,0,,,,,
2008,12,1,1,1046.0,1015,,1205,MQ,3992,N698MQ,,110.0,,,31.0,TUL,ORD,585,,15.0,1,C,0,,,,,
2008,12,24,3,1155.0,1020,,1210,MQ,3992,N665MQ,,110.0,,,95.0,TUL,ORD,585,,,1,A,0,,,,,
2008,12,9,2,1917.0,1720,,1910,MQ,3997,N621MQ,,110.0,,,117.0,XNA,ORD,522,,,1,C,0,,,,,
2008,12,26,5,752.0,650,,820,MQ,4024,N671MQ,,90.0,,,62.0,ORD,OMA,416,,,1,B,0,,,,,
2008,12,16,2,2120.0,1950,,2210,MQ,4028,N512MQ,,140.0,,,90.0,ORD,MSY,837,,,1,B,0,,,,,
2008,12,24,3,1624.0,1415,,1525,MQ,4032,N614MQ,,70.0,,,129.0,ORD,RST,268,,,1,A,0,,,,,
2008,12,23,2,1004.0,910,,1100,MQ,4033,N686MQ,,50.0,,,54.0,ORD,GRR,137,,,1,C,0,,,,,
2008,12,16,2,1358.0,1320,,1505,MQ,4037,N515MQ,,105.0,,,38.0,ORD,LIT,552,,,1,B,0,,,,,
2008,12,21,7,1646.0,1525,,1620,MQ,4045,N845MQ,,55.0,,,81.0,ORD,DBQ,147,,,1,B,0,,,,,
2008,12,21,7,2039.0,1900,,2145,MQ,4054,N510MQ,,105.0,,,99.0,ORD,DCA,612,,,1,B,0,,,,,
2008,12,19,5,934.0,900,,1140,MQ,4094,N804MQ,,100.0,,,34.0,ORD,SYR,607,,43.0,1,B,0,,,,,
2008,12,23,2,1058.0,800,,855,MQ,4104,N693MQ,,55.0,,,178.0,MKE,ORD,67,,,1,C,0,,,,,
2008,12,16,2,1635.0,1415,,1415,MQ,4106,N667MQ,,60.0,,,140.0,GRR,ORD,137,,,1,C,0,,,,,
2008,12,16,2,1501.0,1400,,1520,MQ,4115,N639MQ,,80.0,,,61.0,DSM,ORD,299,,,1,C,0,,,,,
2008,12,18,4,35.0,2055,,2335,MQ,4117,N522MQ,,100.0,,,220.0,ORD,DCA,612,,,1,B,0,,,,,
2008,12,28,7,741.0,720,,820,MQ,4122,N689MQ,,120.0,,,21.0,BUF,ORD,473,,,1,B,0,,,,,
2008,12,23,2,2131.0,2050,,2140,MQ,4123,N644MQ,,50.0,,,41.0,ORD,CMI,135,,,1,B,0,,,,,
2008,12,25,4,1531.0,1150,,1410,MQ,4131,N502MQ,,80.0,,,221.0,ORD,CLE,316,,,1,B,0,,,,,
2008,12,16,2,1604.0,1425,,1615,MQ,4177,N821MQ,,50.0,,,99.0,ORD,GRR,137,,,1,C,0,,,,,
2008,12,21,7,1841.0,1645,,1745,MQ,4180,N900MQ,,60.0,,,116.0,ORD,CID,196,,,1,B,0,,,,,
2008,12,1,1,2253.0,1920,,2225,MQ,4205,N812MQ,,125.0,,,213.0,ORD,BDL,783,,,1,C,0,,,,,
2008,12,9,2,2102.0,1955,,2030,MQ,4209,N613MQ,,95.0,,,67.0,CLE,ORD,316,,,1,C,0,,,,,
2008,12,24,3,1635.0,1520,,1725,MQ,4210,N699MQ,,65.0,,,75.0,ORD,TVC,224,,20.0,1,B,0,,,,,
2008,12,26,5,1949.0,1740,,1820,MQ,4236,N842MQ,,100.0,,,129.0,CLE,ORD,316,,19.0,1,B,0,,,,,
2008,12,8,1,1820.0,1630,,1735,MQ,4237,N699MQ,,65.0,,,110.0,ORD,LSE,215,,53.0,1,C,0,,,,,
2008,12,26,5,1909.0,1755,,1905,MQ,4238,N827MQ,,70.0,,,74.0,LSE,ORD,215,,,1,B,0,,,,,
2008,12,16,2,1442.0,1320,,1425,MQ,4239,N722MQ,,65.0,,,82.0,CID,ORD,196,,,1,B,0,,,,,
2008,12,9,2,720.0,600,,650,MQ,4242,N657MQ,,50.0,,,80.0,MSN,ORD,109,,,1,B,0,,,,,
2008,12,9,2,2046.0,1925,,2020,MQ,4263,N628MQ,,115.0,,,81.0,TYS,ORD,475,,,1,C,0,,,,,
2008,12,21,7,1636.0,1620,,1730,MQ,4295,N657MQ,,70.0,,,16.0,CID,ORD,196,,,1,A,0,,,,,
2008,12,16,2,1640.0,1525,,1735,MQ,4321,N505MQ,,70.0,,,75.0,ORD,CMH,296,,,1,B,0,,,,,
2008,12,9,2,1946.0,1800,,2025,MQ,4372,N654MQ,,145.0,,,106.0,DAL,ORD,798,,,1,C,0,,,,,
2008,12,23,2,1105.0,850,,955,MQ,4373,N905MQ,,65.0,,,135.0,CMI,ORD,135,,,1,C,0,,,,,
2008,12,18,4,1935.0,1925,,2020,MQ,4406,N722MQ,,55.0,,,10.0,ORD,SPI,174,,13.0,1,B,0,,,,,
2008,12,23,2,1127.0,1010,,1049,MQ,4409,N639MQ,,39.0,,,77.0,CID,ORD,196,,,1,C,0,,,,,
2008,12,16,2,1444.0,1430,,1535,MQ,4411,N674MQ,,65.0,,,14.0,SPI,ORD,174,,,1,C,0,,,,,
2008,12,24,3,2144.0,1715,,1900,MQ,4472,N514MQ,,105.0,,,269.0,BNA,ORD,409,,,1,A,0,,,,,
2008,12,23,2,1741.0,1440,,1530,MQ,4500,N804MQ,,50.0,,,181.0,ORD,PIA,130,,,1,C,0,,,,,
2008,12,23,2,2129.0,2045,,2300,MQ,4504,N690MQ,,75.0,,,44.0,ORD,CMH,296,,,1,B,0,,,,,
2008,12,15,1,2138.0,1945,,2230,MQ,4505,N633MQ,,105.0,,,113.0,ORD,RDU,647,,,1,C,0,,,,,
2008,12,9,2,2012.0,1815,,2010,MQ,4514,N908MQ,,115.0,,,117.0,TUL,ORD,585,,,1,C,0,,,,,
2008,12,19,5,1542.0,1530,,1735,MQ,4540,N849MQ,,125.0,,,12.0,BOS,RDU,612,,,1,B,0,,,,,
2008,12,21,7,1920.0,1740,,2000,MQ,4559,N848MQ,,140.0,,,100.0,BOS,CMH,640,,,1,B,0,,,,,
2008,12,21,7,1042.0,830,,1040,MQ,4566,N712MQ,,130.0,,,132.0,BOS,RDU,612,,,1,C,0,,,,,
2008,12,19,5,1343.0,1245,,1515,MQ,4594,N833MQ,,90.0,,,58.0,BNA,DCA,562,,,1,B,0,,,,,
2008,12,27,6,1628.0,1500,,1620,MQ,4662,N715MQ,,80.0,,,88.0,BOS,JFK,187,,,1,C,0,,,,,
2008,12,15,1,844.0,820,,1010,MQ,4706,N822MQ,,110.0,,,24.0,JFK,RDU,426,,28.0,1,A,0,,,,,
2008,12,21,7,2149.0,1855,,2020,MQ,4806,N713MQ,,85.0,,,174.0,BOS,LGA,185,,,1,B,0,,,,,
2008,12,19,5,1140.0,1050,,1235,MQ,4837,N715MQ,,165.0,,,50.0,LGA,MSN,812,,,1,B,0,,,,,
2008,12,26,5,1748.0,1705,,1834,NW,136,N783NC,,89.0,,,43.0,MSP,ORD,334,,16.0,1,B,0,,,,,
2008,12,18,4,1926.0,1728,,1913,NW,161,N584NW,,225.0,,,118.0,MSP,SEA,1399,,,1,B,0,,,,,
2008,12,26,5,2314.0,2257,,2348,NW,419,N374NW,,51.0,,,17.0,DTW,GRR,120,,12.0,1,B,0,,,,,
2008,12,20,6,1845.0,1730,,2151,NW,627,N593NW,,381.0,,,75.0,SEA,HNL,2677,,,1,B,0,,,,,
2008,12,8,1,1908.0,1810,,1930,NW,796,N772NC,,80.0,,,58.0,MKE,MSP,297,,,1,B,0,,,,,
2008,12,9,2,1927.0,1835,,2025,NW,961,N345NB,,110.0,,,52.0,MEM,ORD,491,,,1,C,0,,,,,
2008,12,18,4,27.0,2229,,2335,NW,1098,N345NW,,66.0,,,118.0,MSP,MKE,297,,8.0,1,C,0,,,,,
2008,12,26,5,1855.0,1845,,2035,NW,1145,N347NB,,110.0,,,10.0,MEM,ORD,491,,15.0,1,B,0,,,,,
2008,12,17,3,1234.0,1216,,1345,NW,1451,N401EA,,89.0,,,18.0,DTW,SDF,306,,,1,A,0,,,,,
2008,12,19,5,1434.0,1341,,1526,NW,1460,N337NB,,105.0,,,53.0,DTW,PVD,614,,58.0,1,C,0,,,,,
2008,12,26,5,1940.0,1916,,1937,NW,1517,N762NW,,81.0,,,24.0,DTW,MKE,238,,,1,B,0,,,,,
2008,12,23,2,827.0,705,,822,NW,1562,N769NC,,77.0,,,82.0,MSP,MKE,297,,43.0,1,C,0,,,,,
2008,12,16,2,2313.0,1905,,2207,9E,2102,84099E,,122.0,,,248.0,MSP,CVG,596,,66.0,1,A,0,,,,,
2008,12,16,2,1104.0,820,,1150,9E,2118,85069E,,150.0,,,164.0,HLN,MSP,913,,,1,A,0,,,,,
2008,12,23,2,1456.0,1350,,1430,9E,2124,89249E,,100.0,,,66.0,GRR,MSP,408,,,1,A,0,,,,,
2008,12,21,7,1738.0,1655,,1835,9E,2139,84169E,,160.0,,,43.0,IND,SAT,986,,14.0,1,A,0,,,,,
2008,12,23,2,1737.0,1655,,1835,9E,2139,84889E,,160.0,,,42.0,IND,SAT,986,,,1,C,0,,,,,
2008,12,14,7,2139.0,2125,,2311,9E,2148,87339E,,166.0,,,14.0,MSP,HLN,913,,,1,B,0,,,,,
2008,12,15,1,1559.0,1415,,1750,9E,2152,89869E,,155.0,,,104.0,AUS,IND,920,,,1,A,0,,,,,
2008,12,1,1,1718.0,1710,,1855,9E,2160,80009E,,105.0,,,8.0,IND,RDU,489,,,1,A,0,,,,,
2008,12,22,1,706.0,700,,921,9E,2184,84169E,,141.0,,,6.0,IND,BOS,817,,26.0,1,A,0,,,,,
2008,12,31,3,1035.0,1005,,1255,9E,2185,80219E,,170.0,,,30.0,BOS,IND,817,,,1,A,0,,,,,
2008,12,16,2,1820.0,1740,,1925,9E,2188,87369E,,105.0,,,40.0,IND,DCA,499,,,1,A,0,,,,,
2008,12,20,6,1403.0,1030,,1214,9E,2197,89869E,,104.0,,,213.0,STL,MSP,449,,,1,B,0,,,,,
2008,12,16,2,948.0,935,,1425,9E,2234,80239E,,290.0,,,13.0,MEM,BTR,319,,48.0,1,B,0,,,,,
2008,12,25,4,1152.0,1130,,1246,9E,2246,84129E,,76.0,,,22.0,BTR,MEM,319,,,1,A,0,,,,,
2008,12,23,2,2039.0,1855,,2152,9E,2296,85339E,,117.0,,,104.0,MEM,CLE,622,,,1,B,0,,,,,
2008,12,19,5,1819.0,1336,,1523,9E,2300,86839E,,107.0,,,283.0,DTW,HPN,505,,,1,A,0,,,,,
2008,12,24,3,1529.0,1336,,1523,9E,2300,87519E,,107.0,,,113.0,DTW,HPN,505,,16.0,1,B,0,,,,,
2008,12,30,2,1936.0,1926,,2042,9E,2301,87589E,,76.0,,,10.0,DTW,TVC,207,,,1,C,0,,,,,
2008,12,22,1,2020.0,1711,,2038,9E,2329,86319E,,147.0,,,189.0,SHV,DTW,886,,,1,A,0,,,,,
2008,12,21,7,658.0,640,,742,9E,2332,89139E,,62.0,,,18.0,FWA,DTW,128,,31.0,1,A,0,,,,,
2008,12,24,3,1943.0,1709,,1825,9E,2344,86659E,,76.0,,,154.0,DTW,ELM,331,,,1,A,0,,,,,
2008,12,28,7,915.0,848,,1305,9E,2349,84929E,,257.0,,,27.0,DTW,ERI,163,,25.0,1,B,0,,,,,
2008,12,16,2,1947.0,1833,,1945,9E,2363,85169E,,72.0,,,74.0,DAY,DTW,166,,,1,B,0,,,,,
2008,12,21,7,1820.0,1718,,1815,9E,2369,85989E,,57.0,,,62.0,DTW,ERI,163,,54.0,1,B,0,,,,,
2008,12,21,7,2109.0,1855,,2013,9E,2383,88779E,,78.0,,,134.0,DTW,ROC,296,,,1,B,0,,,,,
2008,12,21,7,3.0,2139,,2307,9E,2397,87589E,,88.0,,,144.0,DTW,LEX,296,,,1,B,0,,,,,
2008,12,21,7,2047.0,2005,,2230,9E,2468,89829E,,85.0,,,42.0,MSP,SBN,411,,21.0,1,C,0,,,,,
2008,12,16,2,1608.0,1510,,1810,9E,2480,84959E,,120.0,,,58.0,MSP,PIT,726,,,1,B,0,,,,,
2008,12,21,7,1215.0,1159,,1652,9E,2511,89249E,,293.0,,,16.0,DTW,SBN,157,,58.0,1,B,0,,,,,
2008,12,16,2,1921.0,1913,,2045,9E,2555,88919E,,152.0,,,8.0,DTW,TUL,790,,,1,B,0,,,,,
2008,12,27,6,908.0,845,,941,9E,2565,80009E,,116.0,,,23.0,DTW,DSM,534,,,1,C,0,,,,,
2008,12,27,6,914.0,858,,1216,9E,2567,88949E,,198.0,,,16.0,DTW,MBS,98,,26.0,1,B,0,,,,,
2008,12,19,5,1000.0,914,,1034,9E,2577,87979E,,80.0,,,46.0,DTW,CVG,229,,,1,B,0,,,,,
2008,12,16,2,1746.0,1712,,1828,9E,2585,86949E,,76.0,,,34.0,DTW,ELM,331,,,1,B,0,,,,,
2008,12,19,5,2000.0,1850,,2220,9E,2637,80239E,,150.0,,,70.0,MEM,PHL,874,,21.0,1,A,0,,,,,
2008,12,18,4,1002.0,940,,1051,9E,2651,87759E,,71.0,,,22.0,MEM,SGF,243,,,1,B,0,,,,,
2008,12,8,1,1722.0,1705,,1814,9E,2804,87949E,,69.0,,,17.0,MSP,CID,221,,,1,C,0,,,,,
2008,12,25,4,1151.0,805,,1152,9E,2825,85019E,,167.0,,,226.0,IDA,MSP,939,,,1,A,0,,,,,
2008,12,21,7,2314.0,2130,,2312,9E,2904,88559E,,102.0,,,104.0,DTW,GSO,460,,,1,B,0,,,,,
2008,12,29,1,644.0,603,,753,9E,2905,86969E,,110.0,,,41.0,GSO,DTW,460,,,1,A,0,,,,,
2008,12,28,7,1743.0,1610,,1800,9E,2909,87219E,,110.0,,,93.0,GSO,DTW,460,,,1,A,0,,,,,
2008,12,16,2,2020.0,1929,,2049,9E,2933,89809E,,80.0,,,51.0,DTW,LEX,296,,,1,B,0,,,,,
2008,12,23,2,2100.0,1910,,1942,9E,2942,89729E,,92.0,,,110.0,DTW,PIA,346,,,1,A,0,,,,,
2008,12,21,7,2145.0,1952,,2056,9E,2965,89039E,,64.0,,,113.0,DTW,SBN,157,,,1,B,0,,,,,
2008,12,16,2,2323.0,2103,,2240,9E,2973,86969E,,97.0,,,140.0,DTW,AVL,470,,,1,B,0,,,,,
2008,12,6,6,2030.0,1925,,2052,9E,5832,9149E,,87.0,,,65.0,CVG,DCA,411,,,1,A,0,,,,,
2008,12,10,3,1823.0,1740,,2040,9E,5846,9169E,,120.0,,,43.0,HOU,ATL,696,,,1,B,0,,,,,
2008,12,20,6,2112.0,1645,,2010,AA,145,N324AA,,385.0,,,267.0,BOS,LAX,2611,,,1,B,0,,,,,
2008,12,16,2,1550.0,1435,,1615,AA,327,N546AA,,160.0,,,75.0,ORD,DEN,888,,,1,A,0,,,,,
2008,12,7,7,1703.0,1640,,1750,AA,333,N4XSAA,,70.0,,,23.0,ORD,STL,258,,,1,A,0,,,,,
2008,12,26,5,1922.0,1825,,2015,AA,347,N503AA,,170.0,,,57.0,LGA,ORD,733,,,1,B,0,,,,,
2008,12,9,2,2042.0,1820,,2125,AA,408,N4XLAA,,125.0,,,142.0,ORD,PHL,678,,,1,B,0,,,,,
2008,12,16,2,1237.0,1140,,1610,AA,424,N4XRAA,,210.0,,,57.0,DFW,BOS,1562,,,1,A,0,,,,,
2008,12,9,2,1523.0,1510,,1730,AA,455,N350AA,,260.0,,,13.0,ORD,LAX,1745,,,1,A,0,,,,,
2008,12,26,5,1946.0,1800,,1940,AA,564,N4XVAA,,100.0,,,106.0,MCI,ORD,403,,,1,B,0,,,,,
2008,12,31,3,1342.0,1325,,1635,AA,569,N3BMAA,,250.0,,,17.0,BDL,DFW,1471,,,1,A,0,,,,,
2008,12,26,5,2021.0,1725,,1930,AA,705,N444AA,,185.0,,,176.0,JFK,ORD,740,,22.0,1,B,0,,,,,
2008,12,26,5,1809.0,1725,,2255,AA,794,N595AA,,210.0,,,44.0,LAS,ORD,1515,,,1,B,0,,,,,
2008,12,11,4,1314.0,1230,,1530,AA,842,N5DCAA,,180.0,,,44.0,MIA,EWR,1086,,,1,C,0,,,,,
2008,12,21,7,2044.0,1655,,1815,AA,870,N3CEAA,,80.0,,,229.0,DFW,MSY,448,,,1,A,0,,,,,
2008,12,15,1,2046.0,2020,,2125,AA,1027,N475AA,,125.0,,,26.0,DFW,DEN,641,,,1,B,0,,,,,
2008,12,28,7,1108.0,900,,1450,AA,1050,N567AA,,230.0,,,128.0,SEA,DFW,1660,,15.0,1,A,0,,,,,
2008,12,26,5,2054.0,1955,,2155,AA,1081,N542AA,,180.0,,,59.0,BOS,ORD,867,,,1,B,0,,,,,
2008,12,30,2,2145.0,1610,,1935,AA,1267,N636AA,,145.0,,,335.0,MIA,SJU,1045,,,1,A,0,,,,,
2008,12,26,5,2039.0,1820,,1950,AA,1348,N526AA,,150.0,,,139.0,ATL,ORD,606,,,1,B,0,,,,,
2008,12,26,5,854.0,805,,1410,AA,1350,N4XDAA,,245.0,,,49.0,LAX,ORD,1745,,,1,A,0,,,,,
2008,12,9,2,1322.0,1215,,1340,AA,1367,N4XFAA,,145.0,,,67.0,DFW,TUS,813,,,1,A,0,,,,,
2008,12,26,5,1940.0,1900,,2050,AA,1411,N521AA,,170.0,,,40.0,EWR,ORD,719,,27.0,1,B,0,,,,,
2008,12,16,2,1321.0,1245,,1415,AA,1457,N467AA,,150.0,,,36.0,SDF,DFW,733,,11.0,1,A,0,,,,,
2008,12,18,4,1433.0,1205,,1300,AA,1522,N557AA,,55.0,,,148.0,DFW,OKC,175,,,1,B,0,,,,,
2008,12,23,2,1716.0,1505,,1700,AA,1679,N558AA,,175.0,,,131.0,TPA,ORD,1012,,,1,B,0,,,,,
2008,12,18,4,1009.0,600,,745,AA,1721,N3DAAA,,105.0,,,249.0,ATL,MIA,595,,,1,A,0,,,,,
2008,12,26,5,2057.0,1915,,2045,AA,1769,N461AA,,150.0,,,102.0,PHL,ORD,678,,,1,B,0,,,,,
2008,12,17,3,1738.0,1555,,1825,AA,1825,N642AA,,330.0,,,103.0,MIA,LAS,2175,,15.0,1,B,0,,,,,
2008,12,26,5,1944.0,1840,,2000,AA,1982,N514AA,,80.0,,,64.0,STL,ORD,258,,12.0,1,B,0,,,,,
2008,12,27,6,1540.0,1145,,1400,AA,2249,N550AA,,135.0,,,235.0,HSV,DFW,603,,,1,A,0,,,,,
2008,12,4,4,1453.0,1445,,1755,AA,2262,N631AA,,130.0,,,8.0,EGE,DFW,720,,,1,A,0,,,,,
2008,12,26,5,2002.0,1800,,2020,AA,2368,N546AA,,140.0,,,122.0,DFW,ORD,802,,,1,B,0,,,,,
2008,12,26,5,1953.0,1920,,2140,AA,2372,N423AA,,140.0,,,33.0,DFW,ORD,802,,,1,B,0,,,,,
2008,12,8,1,1105.0,720,,1110,AS,634,N570AS,,170.0,,,225.0,SEA,PHX,1107,,,1,A,0,,,,,
2008,12,17,3,1906.0,1800,,1850,AS,694,N644AS,,50.0,,,66.0,SEA,GEG,224,,14.0,1,B,0,,,,,
2008,12,18,4,1505.0,1405,,1622,AS,160,N768AS,,197.0,,,60.0,ANC,ADK,1192,,14.0,1,B,0,,,,,
2008,12,20,6,1906.0,1835,,2059,AS,526,N618AS,,144.0,,,31.0,SEA,BUR,937,,,1,B,0,,,,,
2008,12,20,6,1924.0,1855,,2129,AS,548,N613AS,,154.0,,,29.0,SEA,LGB,965,,,1,B,0,,,,,
2008,12,20,6,1907.0,1610,,1853,AS,37,N514AS,,223.0,,,177.0,SEA,ANC,1449,,,1,B,0,,,,,
2008,12,20,6,1801.0,1620,,1842,AS,520,N583AS,,142.0,,,101.0,SEA,BUR,937,,,1,B,0,,,,,
2008,12,26,5,608.0,600,,742,AS,151,N768AS,,102.0,,,8.0,ANC,OTZ,549,,,1,A,0,,,,,
2008,12,19,5,2226.0,1756,,2121,B6,497,N599JB,,385.0,,,270.0,BOS,SEA,2496,,,1,A,0,,,,,
2008,12,19,5,1542.0,1415,,1550,B6,8,N583JB,,95.0,,,87.0,JFK,BUF,301,,,1,B,0,,,,,
2008,12,20,6,2351.0,2020,,2358,B6,83,N627JB,,398.0,,,211.0,JFK,SEA,2421,,,1,B,0,,,,,
2008,12,20,6,1852.0,1620,,1854,B6,295,N606JB,,154.0,,,152.0,SEA,LGB,965,,,1,B,0,,,,,
2008,12,25,4,2318.0,2220,,631,B6,412,N605JB,,311.0,,,58.0,SAN,BOS,2588,,,1,A,0,,,,,
2008,12,27,6,1805.0,1410,,1753,CO,1061,N35260,,163.0,,,235.0,HDN,IAH,986,,,1,A,0,,,,,
2008,12,22,1,1547.0,700,,928,CO,1724,N13720,,148.0,,,527.0,OMA,IAH,781,,43.0,1,A,0,,,,,
2008,12,21,7,843.0,830,,941,CO,1120,N76516,,71.0,,,13.0,EWR,BOS,200,,47.0,1,B,0,,,,,
2008,12,21,7,2130.0,1915,,2229,CO,1481,N37298,,374.0,,,135.0,EWR,SEA,2401,,28.0,1,B,0,,,,,
2008,12,21,7,2023.0,1925,,2223,CO,1888,N73406,,298.0,,,58.0,IAH,SEA,1874,,21.0,1,B,0,,,,,
2008,12,20,6,16.0,2004,,2349,CO,41,N16234,,405.0,,,252.0,EWR,SFO,2565,,,1,A,0,,,,,
2008,12,20,6,2224.0,1730,,2012,CO,1151,N59630,,162.0,,,294.0,EWR,ATL,745,,,1,A,0,,,,,
2008,12,19,5,1502.0,1205,,1654,CO,661,N37615,,229.0,,,177.0,SAT,EWR,1569,,,1,B,0,,,,,
2008,12,17,3,1338.0,1300,,1804,CO,596,N57864,,184.0,,,38.0,LAS,IAH,1222,,,1,B,0,,,,,
2008,12,17,3,1330.0,1215,,2010,CO,1579,N57863,,295.0,,,75.0,LAS,EWR,2227,,,1,B,0,,,,,
2008,12,16,2,2035.0,1941,,2323,CO,460,N10323,,282.0,,,54.0,EWR,SAT,1569,,,1,B,0,,,,,
2008,12,12,5,1859.0,1645,,1859,CO,1430,N16301,,134.0,,,134.0,DTW,EWR,487,,,1,A,0,,,,,
2008,12,11,4,2147.0,1715,,2002,CO,220,N32626,,167.0,,,272.0,IND,EWR,644,,,1,A,0,,,,,
2008,12,11,4,2200.0,1800,,2055,CO,1155,N10323,,175.0,,,240.0,EWR,ATL,745,,,1,A,0,,,,,
2008,12,11,4,1936.0,1645,,1859,CO,1430,N69603,,134.0,,,171.0,DTW,EWR,487,,,1,A,0,,,,,
2008,12,10,3,2008.0,1805,,1918,CO,5,N75410,,73.0,,,123.0,IAH,MSY,305,,,1,B,0,,,,,
2008,12,10,3,1913.0,1833,,1954,CO,236,N12319,,81.0,,,40.0,IAH,MFE,316,,,1,A,0,,,,,
2008,12,10,3,2244.0,2055,,2226,CO,299,N37273,,151.0,,,109.0,IAH,DEN,861,,,1,A,0,,,,,
2008,12,10,3,27.0,1910,,2346,CO,310,N12114,,216.0,,,317.0,IAH,EWR,1400,,,1,A,0,,,,,
2008,12,10,3,2135.0,2055,,2347,CO,467,N27239,,292.0,,,40.0,IAH,SEA,1874,,,1,A,0,,,,,
2008,12,10,3,1958.0,1915,,2022,CO,479,N33714,,67.0,,,43.0,IAH,SAT,191,,,1,A,0,,,,,
2008,12,10,3,2225.0,2125,,2241,CO,511,N76265,,76.0,,,60.0,IAH,MFE,316,,,1,A,0,,,,,
2008,12,10,3,2130.0,1904,,2153,CO,553,N24211,,289.0,,,146.0,IAH,PDX,1825,,,1,A,0,,,,,
2008,12,10,3,2132.0,1910,,2357,CO,582,N37274,,227.0,,,142.0,IAH,BOS,1597,,,1,A,0,,,,,
2008,12,10,3,2037.0,1854,,2250,CO,658,N87513,,176.0,,,103.0,IAH,DCA,1208,,,1,A,0,,,,,
2008,12,10,3,1851.0,1750,,2229,CO,1010,N24212,,219.0,,,61.0,IAH,EWR,1400,,,1,A,0,,,,,
2008,12,10,3,2317.0,2102,,2209,CO,1423,N37422,,67.0,,,135.0,IAH,MSY,305,,,1,A,0,,,,,
2008,12,10,3,2131.0,2050,,2246,CO,1428,N75425,,176.0,,,41.0,IAH,PHX,1009,,,1,A,0,,,,,
2008,12,10,3,2109.0,1915,,2018,CO,1441,N36207,,63.0,,,114.0,IAH,AUS,140,,,1,A,0,,,,,
2008,12,10,3,2107.0,1915,,2245,CO,1492,N16632,,150.0,,,112.0,IAH,CMH,986,,,1,A,0,,,,,
2008,12,10,3,2128.0,1900,,2032,CO,1597,N17244,,212.0,,,148.0,IAH,LAS,1222,,,1,A,0,,,,,
2008,12,10,3,1952.0,1900,,2231,CO,1748,N31412,,151.0,,,52.0,IAH,FLL,965,,,1,B,0,,,,,
2008,12,10,3,1842.0,1759,,1902,CO,1779,N17229,,63.0,,,43.0,IAH,SAT,191,,,1,B,0,,,,,
2008,12,10,3,1850.0,1750,,1934,CO,1795,N74856,,224.0,,,60.0,IAH,LAX,1379,,,1,A,0,,,,,
2008,12,2,2,847.0,740,,1540,CO,1580,N17229,,300.0,,,67.0,SEA,EWR,2401,,,1,A,0,,,,,
2008,12,2,2,750.0,730,,851,DL,1342,N915DE,,81.0,,,20.0,DCA,LGA,214,,,1,A,0,,,,,
2008,12,5,5,2253.0,2240,,2337,DL,695,N993DL,,57.0,,,13.0,ATL,SAV,215,,13.0,1,B,0,,,,,
2008,12,7,7,1526.0,1444,,1654,DL,1743,N958DL,,130.0,,,42.0,BUF,ATL,712,,,1,A,0,,,,,
2008,12,10,3,1431.0,1422,,1527,DL,1405,N906DL,,125.0,,,9.0,ATL,IAH,689,,,1,C,0,,,,,
2008,12,10,3,1459.0,1447,,1650,DL,1706,N914DN,,123.0,,,12.0,ATL,BUF,712,,37.0,1,A,0,,,,,
2008,12,11,4,1026.0,955,,1219,DL,892,N928DL,,144.0,,,31.0,ATL,JFK,760,,,1,A,0,,,,,
2008,12,12,5,703.0,630,,734,DL,1372,N908DE,,64.0,,,33.0,LGA,BOS,185,,33.0,1,B,0,,,,,
