airport_FK,Code,Airport  Name,City,Latitude,Longitude
1,IAD,Washington Dulles International ,"Washington, D.C. / Dulles",38.9531,-77.4565
2,IND,Indianapolis International ,"Indianapolis, IN",39.7173,-86.2944
3,ISP,Long Island MacArthur ,"Islip, NY",40.7952,-73.1002
4,JAN,Jackson–Medgar Wiley Evers International,"Jackson, MS",32.3112,-90.0759
5,JAX,Jacksonville International ,"Jacksonville, FL",30.4941,-81.6879
6,LAS,Harry Reid International ,"Las Vegas, NV",36.084,-115.1537
7,LAX,Los Angeles International ,"Los Angeles, CA",33.9425,-118.4081
8,LBB,Lubbock Preston Smith International,"Lubbock, TX",33.6636,-101.8228
9,LIT,Bill and Hillary Clinton National ,"Little Rock, AR",34.7294,-92.2243
10,MAF,Midland International Air and Space Port,"Midland, TX",31.9425,-102.2019
11,MCI,Kansas City International ,"Kansas City, MO",39.2976,-94.7139
12,MCO,Orlando International ,"Orlando, FL",28.4312,-81.3081
13,MDW,Chicago Midway International ,"Chicago, IL",41.7868,-87.7522
14,MHT,Manchester–Boston Regional ,"Manchester, NH",42.9326,-71.4357
15,MSY,Louis Armstrong New Orleans International,"New Orleans, LA",29.9934,-90.258
16,OAK,San Francisco Bay Oakland International,"Oakland, CA",37.7213,-122.2208
17,OKC,Will Rogers World ,"Oklahoma City, OK",35.3931,-97.6007
18,OMA,Eppley Airfield,"Omaha, NE",41.3032,-95.8941
19,ONT,Ontario International ,"Ontario, CA",34.056,-117.6012
20,ORF,Norfolk International ,"Norfolk, VA",36.8976,-76.0132
21,PBI,Palm Beach International ,"West Palm Beach, FL",26.6832,-80.0956
22,PDX,Portland International ,"Portland, OR",45.5887,-122.5975
23,PHL,Philadelphia International ,"Philadelphia, PA",39.8721,-75.2411
24,PHX,Phoenix Sky Harbor International ,"Phoenix, AZ",33.4373,-112.0078
25,PIT,Pittsburgh International ,"Pittsburgh, PA",40.4915,-80.2329
26,PVD,Rhode Island T.F. Green International,"Providence, RI",41.7325,-71.4282
27,RDU,Raleigh–Durham International ,"Raleigh, NC",35.8776,-78.7875
28,RNO,Reno–Tahoe International ,"Reno, NV",39.4991,-119.7681
29,RSW,Southwest Florida International ,"Fort Myers, FL",26.5362,-81.7552
30,SAN,San Diego International ,"San Diego, CA",32.7336,-117.1897
31,SAT,San Antonio International ,"San Antonio, TX",29.5337,-98.4698
32,SDF,Louisville Muhammad Ali International,"Louisville, KY",38.1744,-85.736
33,SEA,Seattle–Tacoma International ,"Seattle, WA",47.4502,-122.3088
34,SFO,San Francisco International ,"San Francisco, CA",37.6213,-122.379
35,SJC,Norman Y. Mineta San Jose International,"San Jose, CA",37.3626,-121.929
36,SLC,Salt Lake City International ,"Salt Lake City, UT",40.7884,-111.9778
37,SMF,Sacramento International ,"Sacramento, CA",38.6954,-121.5908
38,SNA,John Wayne ,"Santa Ana, CA",33.6757,-117.8682
39,STL,St. Louis Lambert International ,"St. Louis, MO",38.7487,-90.37
40,TPA,Tampa International ,"Tampa, FL",27.9755,-82.5332
41,TUL,Tulsa International ,"Tulsa, OK",36.1984,-95.8881
42,TUS,Tucson International ,"Tucson, AZ",32.1161,-110.941
43,ABQ,Albuquerque International Sunport,"Albuquerque, NM",35.0402,-106.609
44,ALB,Albany International ,"Albany, NY",42.7483,-73.8017
45,AMA,Rick Husband Amarillo International,"Amarillo, TX",35.2194,-101.7059
46,AUS,Austin–Bergstrom International ,"Austin, TX",30.1975,-97.6664
47,BDL,Bradley International ,"Hartford, CT",41.9389,-72.6832
48,BHM,Birmingham–Shuttlesworth International,"Birmingham, AL",33.5629,-86.7535
49,BNA,Nashville International ,"Nashville, TN",36.1245,-86.6782
50,BOI,Boise ,"Boise, ID",43.5644,-116.2228
51,BUF,Buffalo Niagara International ,"Buffalo, NY",42.9405,-78.7322
52,BUR,Hollywood Burbank ,"Burbank, CA",34.2007,-118.359
53,BWI,Baltimore/Washington International,"Baltimore, MD",39.1754,-76.6683
54,CLE,Cleveland Hopkins International ,"Cleveland, OH",41.4117,-81.8498
55,CMH,John Glenn Columbus International,"Columbus, OH",39.998,-82.8919
56,CRP,Corpus Christi International ,"Corpus Christi, TX",27.7704,-97.5011
57,DAL,Dallas Love Field,"Dallas, TX",32.8471,-96.8518
58,DEN,Denver International ,"Denver, CO",39.8561,-104.6737
59,DTW,Detroit Metropolitan Wayne County ,"Detroit, MI",42.2162,-83.3554
60,ELP,El Paso International ,"El Paso, TX",31.8072,-106.3779
61,FLL,Fort Lauderdale–Hollywood International,"Fort Lauderdale, FL",26.0726,-80.1527
62,GEG,Spokane International ,"Spokane, WA",47.6199,-117.5339
63,HOU,William P. Hobby ,"Houston, TX",29.6454,-95.2789
64,HRL,Valley International ,"Harlingen, TX",26.2285,-97.6544
65,ROC,Frederick Douglass Greater Rochester,"Rochester, NY",43.1189,-77.6724
66,ORD,O'Hare International ,"Chicago, IL",41.9742,-87.9073
67,EWR,Newark Liberty International ,"Newark, NJ",40.6895,-74.1745
68,SYR,Syracuse Hancock International ,"Syracuse, NY",43.1112,-76.1063
69,IAH,George Bush Intercontinental ,"Houston, TX",29.9902,-95.3368
70,CRW,West Virginia International Yeager,"Charleston, WV",38.3731,-81.5932
71,FAT,Fresno Yosemite International ,"Fresno, CA",36.7762,-119.7182
72,COS,City of Colorado Springs Municipal,"Colorado Springs, CO",38.8058,-104.7008
73,MRY,Monterey Regional ,"Monterey, CA",36.587,-121.8428
74,LGB,Long Beach ,"Long Beach, CA",33.8177,-118.1516
75,BFL,Meadows Field,"Bakersfield, CA",35.4336,-119.0568
76,EUG,Eugene  (Mahlon Sweet Field),"Eugene, OR",44.1246,-123.2119
77,ICT,Wichita Dwight D. Eisenhower National,"Wichita, KS",37.6499,-97.4331
78,MEM,Memphis International ,"Memphis, TN",35.0424,-89.9767
79,BTV,Patrick Leahy Burlington International,"Burlington, VT",44.472,-73.1533
80,MKE,Milwaukee Mitchell International,"Milwaukee, WI",42.9472,-87.8966
81,LFT,Lafayette Regional ,"Lafayette, LA",30.2053,-91.9876
82,BRO,Brownsville/South Padre Island Intl,"Brownsville, TX",25.9068,-97.4259
83,PWM,Portland International Jetport,"Portland, ME",43.6462,-70.3093
84,MSP,Minneapolis–Saint Paul International,"Minneapolis, MN",44.8848,-93.2223
85,SRQ,Sarasota–Bradenton International,"Sarasota, FL",27.3954,-82.5544
86,CLT,Charlotte Douglas International ,"Charlotte, NC",35.214,-80.9431
87,CVG,Cincinnati/Northern Kentucky Intl,"Cincinnati, OH",39.0488,-84.6678
88,GSO,Piedmont Triad International ,"Greensboro, NC",36.0978,-79.9373
89,SHV,Shreveport Regional ,"Shreveport, LA",32.4466,-93.8256
90,DCA,Ronald Reagan Washington National,"Arlington, VA",38.8521,-77.0377
91,TYS,McGhee Tyson ,"Knoxville, TN",35.811,-83.994
92,GSP,Greenville–Spartanburg International,"Greer, SC",34.8957,-82.2189
93,RIC,Richmond International ,"Richmond, VA",37.5052,-77.3197
94,DFW,Dallas/Fort Worth International,"Dallas/Fort Worth, TX",32.8998,-97.0403
95,BGR,Bangor International ,"Bangor, ME",44.8074,-68.8281
96,DAY,Dayton International ,"Dayton, OH",39.9024,-84.2194
97,GRR,Gerald R. Ford International ,"Grand Rapids, MI",42.8808,-85.5228
98,CHS,Charleston International ,"Charleston, SC",32.8987,-80.0405
99,CAE,Columbia Metropolitan ,"Columbia, SC",33.9389,-81.1195
100,TLH,Tallahassee International ,"Tallahassee, FL",30.3965,-84.3503
101,XNA,Northwest Arkansas National ,"Bentonville/Fayetteville, AR",36.2819,-94.3068
102,GPT,Gulfport–Biloxi International ,"Gulfport, MS",30.4073,-89.0701
103,VPS,Destin–Fort Walton Beach ,"Valparaiso, FL",30.4832,-86.5254
104,LGA,LaGuardia ,"New York, NY",40.7772,-73.8726
105,ATL,Hartsfield–Jackson Atlanta International,"Atlanta, GA",33.6407,-84.4277
106,MSN,Dane County Regional ,"Madison, WI",43.1399,-89.3375
107,SAV,Savannah/Hilton Head International,"Savannah, GA",32.1276,-81.2021
108,BTR,Baton Rouge Metropolitan ,"Baton Rouge, LA",30.5332,-91.1499
109,LEX,Blue Grass ,"Lexington, KY",38.0365,-84.6059
110,LRD,Laredo International ,"Laredo, TX",27.5438,-99.4617
111,MOB,Mobile Regional ,"Mobile, AL",30.6912,-88.2428
112,MTJ,Montrose Regional ,"Montrose, CO",38.5098,-107.8938
113,GRK,Killeen–Fort Hood Regional ,"Killeen, TX",31.0672,-97.829
114,AEX,Alexandria International ,"Alexandria, LA",31.3274,-92.5498
115,PNS,Pensacola International ,"Pensacola, FL",30.4734,-87.1866
116,ABE,Lehigh Valley International ,"Allentown, PA",40.6521,-75.4408
117,HSV,Huntsville International ,"Huntsville, AL",34.6372,-86.7751
118,CHA,Chattanooga Metropolitan ,"Chattanooga, TN",35.0353,-85.2038
119,MFE,McAllen International ,"McAllen, TX",26.1758,-98.2386
120,MLU,Monroe Regional ,"Monroe, LA",32.5109,-92.0377
121,DSM,Des Moines International ,"Des Moines, IA",41.534,-93.6631
122,MGM,Montgomery Regional ,"Montgomery, AL",32.3006,-86.394
123,AVL,Asheville Regional ,"Asheville, NC",35.4362,-82.5418
124,LCH,Lake Charles Regional ,"Lake Charles, LA",30.1261,-93.2233
125,BOS,Gen. Edward Lawrence Logan Intl,"Boston, MA",42.3656,-71.0096
126,MYR,Myrtle Beach International ,"Myrtle Beach, SC",33.6797,-78.9283
127,CLL,Easterwood ,"College Station, TX",30.5886,-96.3638
128,DAB,Daytona Beach International ,"Daytona Beach, FL",29.1799,-81.0581
129,ASE,Aspen/Pitkin County ,"Aspen, CO",39.2232,-106.869
130,ATW,Appleton International ,"Appleton, WI",44.2581,-88.5191
131,BMI,Central Illinois Regional ,"Bloomington, IL",40.4771,-88.9159
132,CAK,Akron–Canton ,"Akron, OH",40.9161,-81.4422
133,CID,Eastern Iowa ,"Cedar Rapids, IA",41.8847,-91.7108
134,CPR,Casper–Natrona County International,"Casper, WY",42.908,-106.4644
135,EGE,Eagle County Regional ,"Vail/Eagle, CO",39.6426,-106.9177
136,FLG,Flagstaff Pulliam ,"Flagstaff, AZ",35.1385,-111.6709
137,FSD,Sioux Falls Regional ,"Sioux Falls, SD",43.582,-96.7419
138,FWA,Fort Wayne International ,"Fort Wayne, IN",40.9785,-85.1951
139,GJT,Grand Junction Regional ,"Grand Junction, CO",39.1224,-108.5267
140,GRB,Green Bay–Austin Straubel Intl,"Green Bay, WI",44.4851,-88.1296
141,HNL,Daniel K. Inouye International ,"Honolulu, HI",21.3245,-157.9251
142,KOA,Ellison Onizuka Kona International,"Kailua-Kona, HI",19.7388,-156.0456
143,LAN,Capital Region International ,"Lansing, MI",42.7787,-84.5874
144,LIH,Lihue ,"Lihue, HI",21.976,-159.339
145,MBS,MBS International ,"Saginaw, MI",43.5329,-84.0797
146,MDT,Harrisburg International ,"Harrisburg, PA",40.1935,-76.7634
147,MFR,Rogue Valley International–Medford,"Medford, OR",42.3742,-122.8735
148,OGG,Kahului ,"Kahului, HI",20.8986,-156.4305
149,PSP,Palm Springs International ,"Palm Springs, CA",33.8297,-116.5067
150,RAP,Rapid City Regional ,"Rapid City, SD",44.0453,-103.0574
151,ROA,Roanoke–Blacksburg Regional ,"Roanoke, VA",37.3255,-79.9754
152,SBA,Santa Barbara Municipal ,"Santa Barbara, CA",34.4262,-119.8404
153,SBN,South Bend International ,"South Bend, IN",41.7087,-86.3173
154,SPI,Abraham Lincoln Capital ,"Springfield, IL",39.8441,-89.6779
155,TEX,Telluride Regional ,"Telluride, CO",37.9538,-107.9087
156,YUM,Yuma International ,"Yuma, AZ",32.6566,-114.606
157,AVP,Wilkes-Barre/Scranton International,"Scranton, PA",41.3385,-75.7234
158,CWA,Central Wisconsin ,"Wausau, WI",44.7776,-89.6668
159,DRO,Durango–La Plata County ,"Durango, CO",37.1515,-107.754
160,ILM,Wilmington International ,"Wilmington, NC",34.2706,-77.9026
161,ITO,Hilo International ,"Hilo, HI",19.7214,-155.0484
162,JFK,John F. Kennedy International ,"New York, NY",40.6413,-73.7781
163,TVC,Cherry Capital ,"Traverse City, MI",44.7414,-85.5822
164,HDN,Yampa Valley ,"Hayden, CO",40.4812,-107.2181
165,SBP,San Luis Obispo County Regional,"San Luis Obispo, CA",35.2368,-120.6424
166,CLD,McClellan–Palomar ,"Carlsbad, CA",33.1283,-117.279
167,HPN,Westchester County ,"White Plains, NY",41.067,-73.7076
168,MIA,Miami International ,"Miami, FL",25.7959,-80.287
169,SGF,Springfield–Branson National ,"Springfield, MO",37.2457,-93.3886
170,TRI,Tri-Cities ,"Blountville, TN",36.4752,-82.4074
171,SUN,Friedman Memorial ,"Hailey, ID",43.504,-114.2963
172,SGU,St. George Regional ,"St. George, UT",37.0363,-113.51
173,SLE,Salem Municipal ,"Salem, OR",44.9095,-123.0029
174,MSO,Missoula Montana ,"Missoula, MT",46.9163,-114.0906
175,BZN,Bozeman Yellowstone International,"Bozeman, MT",45.7775,-111.153
176,YKM,Yakima Air Terminal,"Yakima, WA",46.5682,-120.5441
177,GTF,Great Falls International ,"Great Falls, MT",47.482,-111.3707
178,BIL,Billings Logan International ,"Billings, MT",45.8077,-108.5428
179,JAC,Jackson Hole ,"Jackson, WY",43.6073,-110.7377
180,MOD,Modesto City–County ,"Modesto, CA",37.6258,-120.9541
181,FAR,Hector International ,"Fargo, ND",46.9207,-96.8158
182,GUC,Gunnison–Crested Butte Regional,"Gunnison, CO",38.5339,-106.933
183,AZO,Kalamazoo/Battle Creek International,"Kalamazoo, MI",42.235,-85.5522
184,PIA,General Wayne A. Downing Peoria Intl,"Peoria, IL",40.6642,-89.6933
185,MLI,Quad Cities International ,"Moline, IL",41.4485,-90.5075
186,LNK,Lincoln ,"Lincoln, NE",40.851,-96.7592
187,FCA,Glacier Park International ,"Kalispell, MT",48.3105,-114.256
188,IDA,Idaho Falls Regional ,"Idaho Falls, ID",43.5146,-112.0707
189,BIS,Bismarck Municipal ,"Bismarck, ND",46.7727,-100.7463
190,PSC,Tri-Cities ,"Pasco, WA",46.2647,-119.1191
191,COD,Yellowstone Regional ,"Cody, WY",44.5202,-109.0238
192,TWF,Magic Valley Regional ,"Twin Falls, ID",42.4818,-114.4877
193,RDM,Redmond Municipal ,"Redmond, OR",44.2541,-121.15
194,HLN,Helena Regional ,"Helena, MT",46.6068,-111.983
195,RDD,Redding Regional ,"Redding, CA",40.509,-122.2933
196,PIH,Pocatello Regional ,"Pocatello, ID",42.9098,-112.596
197,EKO,Elko Regional ,"Elko, NV",40.8249,-115.7914
198,LWS,Lewiston–Nez Perce County ,"Lewiston, ID",46.3745,-117.015
199,SMX,Santa Maria Public ,"Santa Maria, CA",34.8989,-120.4575
200,ACV,California Redwood Coast–Humboldt,"Arcata/Eureka, CA",40.9781,-124.1087
201,OXR,Oxnard ,"Oxnard, CA",34.2009,-119.2077
202,CEC,Del Norte County Regional ,"Crescent City, CA",41.7802,-124.2365
203,CIC,Chico Municipal ,"Chico, CA",39.7954,-121.8583
204,PMD,Palmdale Regional ,"Palmdale, CA",34.6294,-118.0845
205,RFD,Chicago Rockford International ,"Rockford, IL",42.1954,-89.0972
206,BTM,Bert Mooney ,"Butte, MT",45.9548,-112.4972
207,IYK,Inyokern ,"Inyokern, CA",35.6588,-117.8301
208,IPL,Imperial County ,"Imperial, CA",32.8342,-115.5785
209,BLI,Bellingham International ,"Bellingham, WA",48.7928,-122.5375
210,CDC,Cedar City Regional ,"Cedar City, UT",37.701,-113.0988
211,SJU,Luis Muñoz Marín International ,"San Juan, PR",18.4394,-66.0018
212,STT,Cyril E. King ,"St. Thomas, VI",18.3373,-64.9733
213,ANC,Ted Stevens Anchorage International,"Anchorage, AK",61.1743,-149.9961
214,STX,Henry E. Rohlsen ,"St. Croix, VI",17.7019,-64.7985
215,MLB,Melbourne Orlando International,"Melbourne, FL",28.1028,-80.6453
216,PHF,Newport News/Williamsburg Intl,"Newport News, VA",37.1319,-76.493
217,PFN,Panama City–Bay County International,"Panama City, FL",30.2121,-85.6828
218,FAY,Fayetteville Regional ,"Fayetteville, NC",34.9912,-78.8803
219,AGS,Augusta Regional ,"Augusta, GA",33.3699,-81.9645
220,GNV,Gainesville Regional ,"Gainesville, FL",29.69,-82.2718
221,ABY,Southwest Georgia Regional ,"Albany, GA",31.5355,-84.1945
222,DHN,Dothan Regional ,"Dothan, AL",31.3213,-85.4496
223,EVV,Evansville Regional ,"Evansville, IN",38.0369,-87.5324
224,FNT,Bishop International ,"Flint, MI",42.9654,-83.7436
225,OAJ,Albert J. Ellis ,"Jacksonville, NC",34.8292,-77.6121
226,TOL,Eugene F. Kranz Toledo Express,"Toledo, OH",41.5868,-83.8078
227,SWF,New York Stewart International,"Newburgh, NY",41.5041,-74.1048
228,EWN,Coastal Carolina Regional ,"New Bern, NC",35.073,-77.0443
229,MEI,Key Field,"Meridian, MS",32.3326,-88.7519
230,GTR,Golden Triangle Regional ,"Columbus, MS",33.4503,-88.5914
231,LYH,Lynchburg Regional ,"Lynchburg, VA",37.3267,-79.2004
232,HHH,Hilton Head ,"Hilton Head Island, SC",32.2244,-80.6975
233,EYW,Key West International ,"Key West, FL",24.5561,-81.7596
234,VLD,Valdosta Regional ,"Valdosta, GA",30.7825,-83.2767
235,CSG,Columbus ,"Columbus, GA",32.5163,-84.9389
236,ACY,Atlantic City International ,"Atlantic City, NJ",39.4576,-74.5772
237,FSM,Fort Smith Regional ,"Fort Smith, AR",35.3366,-94.3674
238,MCN,Middle Georgia Regional ,"Macon, GA",32.6928,-83.6492
239,CHO,Charlottesville–Albemarle ,"Charlottesville, VA",38.1386,-78.4529
240,FLO,Florence Regional ,"Florence, SC",34.1853,-79.7239
241,BQK,Brunswick Golden Isles ,"Brunswick, GA",31.2588,-81.4665
242,SCE,University Park ,"State College, PA",40.8493,-77.8487
243,TUP,Tupelo Regional ,"Tupelo, MS",34.2681,-88.7699
244,TYR,Tyler Pounds Regional ,"Tyler, TX",32.3541,-95.4024
245,LAW,Lawton–Fort Sill Regional ,"Lawton, OK",34.5677,-98.4166
246,SPS,Wichita Falls Municipal ,"Wichita Falls, TX",33.9888,-98.4919
247,ABI,Abilene Regional ,"Abilene, TX",32.4113,-99.6819
248,GGG,East Texas Regional ,"Longview, TX",32.384,-94.7115
249,ACT,Waco Regional ,"Waco, TX",31.6113,-97.2305
250,SJT,San Angelo Regional ,"San Angelo, TX",31.3577,-100.4966
251,TXK,Texarkana Regional ,"Texarkana, AR",33.4539,-93.991
252,CMI,University of Illinois Willard ,"Champaign/Urbana, IL",40.0399,-88.2781
253,ROW,Roswell Air Center,"Roswell, NM",33.3016,-104.5306
254,RST,Rochester International ,"Rochester, MN",43.9083,-92.5
255,MQT,Marquette Sawyer Regional ,"Marquette, MI",46.3536,-87.3954
256,LSE,La Crosse Regional ,"La Crosse, WI",43.879,-91.2567
257,DBQ,Dubuque Regional ,"Dubuque, IA",42.402,-90.7095
258,GFK,Grand Forks International ,"Grand Forks, ND",47.9493,-97.1761
259,MOT,Minot International ,"Minot, ND",48.2594,-101.28
260,DLH,Duluth International ,"Duluth, MN",46.8421,-92.1936
261,SUX,Sioux Gateway ,"Sioux City, IA",42.4026,-96.3844
262,PLN,Pellston Regional ,"Pellston, MI",45.5709,-84.7967
263,BGM,Greater Binghamton ,"Binghamton, NY",42.2087,-75.9798
264,ERI,Erie International ,"Erie, PA",42.0831,-80.1739
265,ALO,Waterloo Regional ,"Waterloo, IA",42.5571,-92.4003
266,CMX,Houghton County Memorial ,"Hancock, MI",47.1684,-88.4891
267,RHI,Rhinelander–Oneida County ,"Rhinelander, WI",45.6312,-89.4675
268,ELM,Elmira/Corning Regional ,"Elmira, NY",42.1599,-76.8916
269,JNU,Juneau International ,"Juneau, AK",58.355,-134.5763
270,KTN,Ketchikan International ,"Ketchikan, AK",55.3556,-131.7137
271,SIT,Sitka Rocky Gutierrez ,"Sitka, AK",57.0471,-135.3616
272,PSG,Petersburg James A. Johnson ,"Petersburg, AK",56.8017,-132.9453
273,CDV,Merle K. (Mudhole) Smith ,"Cordova, AK",60.4919,-145.4778
274,YAK,Yakutat ,"Yakutat, AK",59.5033,-139.6603
275,BRW,Wiley Post–Will Rogers Memorial,"Utqiaġvik, AK",71.2854,-156.7661
276,OME,Nome ,"Nome, AK",64.5122,-165.4451
277,OTZ,Ralph Wien Memorial ,"Kotzebue, AK",66.8846,-162.5985
278,BET,Bethel ,"Bethel, AK",60.7798,-161.838
279,FAI,Fairbanks International ,"Fairbanks, AK",64.8151,-147.856
280,SCC,Deadhorse ,"Deadhorse, AK",70.1948,-148.4649
281,ADQ,Kodiak ,"Kodiak, AK",57.75,-152.4938
282,WRG,Wrangell ,"Wrangell, AK",56.4843,-132.3699
283,ADK,Adak ,"Adak, AK",51.878,-176.646
284,PSE,Mercedita International ,"Ponce, PR",18.0081,-66.563
285,BQN,Rafael Hernández International,"Aguadilla, PR",18.4949,-67.1294
286,BPT,Jack Brooks Regional ,"Beaumont, TX",29.9508,-94.0207
287,RKS,Southwest Wyoming Regional ,"Rock Springs, WY",41.5942,-109.0652
288,GCC,Gillette–Campbell County ,"Gillette, WY",44.3489,-105.5395
289,MKG,Muskegon County ,"Muskegon, MI",43.1695,-86.2382
290,DLG,Dillingham ,"Dillingham, AK",59.0447,-158.5057
291,AKN,King Salmon ,"King Salmon, AK",58.6768,-156.6493
292,LWB,Greenbrier Valley ,"Lewisburg, WV",37.8583,-80.3994
293,ACK,Nantucket Memorial ,"Nantucket, MA",41.2531,-70.06
294,WYS,Yellowstone ,"West Yellowstone, MT",44.6883,-111.1178
295,BJI,Bemidji Regional ,"Bemidji, MN",47.5094,-94.9338
296,INL,Falls International ,"International Falls, MN",48.5662,-93.4031
