route_FK,Origin,Dest,Distance
1,IAD,TPA,810
2,IND,BWI,515
3,IND,JAX,688
4,IND,LAS,1591
5,IND,MCO,828
6,IND,MDW,162
7,IND,PHX,1489
8,IND,TPA,838
9,ISP,BWI,220
10,ISP,FLL,1093
11,ISP,MCO,972
12,ISP,MDW,765
13,ISP,PBI,1052
14,ISP,RSW,1101
15,ISP,TPA,1034
16,JAN,BWI,888
17,JAN,HOU,359
18,JAN,MCO,587
19,JAN,MDW,666
20,JAX,BHM,365
21,JAX,BNA,484
22,JAX,FLL,318
23,JAX,HOU,816
24,JAX,IND,688
25,JAX,PHL,742
26,JAX,TPA,180
27,LAS,ABQ,487
28,LAS,ALB,2237
29,LAS,AMA,758
30,LAS,AUS,1090
31,LAS,BDL,2298
32,LAS,BNA,1588
33,LAS,BOI,520
34,LAS,BUF,1987
35,LAS,BUR,223
36,LAS,BWI,2106
37,LAS,CLE,1825
38,LAS,CMH,1772
39,LAS,DEN,629
40,LAS,ELP,584
41,LAS,GEG,806
42,LAS,HOU,1235
43,LAS,IAD,2066
44,LAS,IND,1591
45,LAS,ISP,2283
46,LAS,LAX,236
47,LAS,LBB,775
48,LAS,LIT,1295
49,LAS,MAF,796
50,LAS,MCI,1140
51,LAS,MCO,2039
52,LAS,MDW,1521
53,LAS,MHT,2356
54,LAS,MSY,1501
55,LAS,OAK,407
56,LAS,OKC,987
57,LAS,OMA,1099
58,LAS,ONT,197
59,LAS,ORF,2155
60,LAS,PDX,762
61,LAS,PHL,2176
62,LAS,PHX,256
63,LAS,PIT,1910
64,LAS,PVD,2363
65,LAS,RDU,2027
66,LAS,RNO,345
67,LAS,SAN,258
68,LAS,SAT,1069
69,LAS,SDF,1624
70,LAS,SEA,866
71,LAS,SFO,414
72,LAS,SJC,386
73,LAS,SLC,368
74,LAS,SMF,397
75,LAS,SNA,226
76,LAS,STL,1372
77,LAS,TPA,1984
78,LAS,TUL,1076
79,LAS,TUS,365
80,LAX,ABQ,677
81,LAX,AUS,1242
82,LAX,BNA,1797
83,LAX,ELP,714
84,LAX,HOU,1390
85,LAX,LAS,236
86,LAX,MCI,1363
87,LAX,MDW,1750
88,LAX,OAK,337
89,LAX,PHX,370
90,LAX,RNO,390
91,LAX,SAT,1210
92,LAX,SFO,337
93,LAX,SJC,308
94,LAX,SLC,590
95,LAX,SMF,373
96,LAX,STL,1593
97,LAX,TUS,451
98,LBB,AUS,341
99,LBB,DAL,293
100,LIT,BWI,912
101,LIT,DAL,296
102,LIT,HOU,393
103,LIT,LAS,1295
104,LIT,MDW,544
105,LIT,STL,296
106,MAF,ABQ,332
107,MAF,AUS,294
108,MAF,DAL,319
109,MAF,HOU,441
110,MAF,LAS,796
111,MCI,ABQ,718
112,MCI,BNA,491
113,MCI,BWI,967
114,MCI,DAL,461
115,MCI,DEN,533
116,MCI,IND,451
117,MCI,LAS,1140
118,MCI,LAX,1363
119,MCI,MCO,1072
120,MCI,MDW,405
121,MCI,OAK,1489
122,MCI,OKC,313
123,MCI,PDX,1481
124,MCI,PHX,1044
125,MCI,SAN,1333
126,MCI,SEA,1489
127,MCI,SMF,1442
128,MCI,STL,237
129,MCI,TPA,1048
130,MCI,TUL,223
131,MCO,ABQ,1552
132,MCO,ALB,1073
133,MCO,AUS,993
134,MCO,BDL,1050
135,MCO,BHM,478
136,MCO,BNA,616
137,MCO,BUF,1011
138,MCO,BWI,787
139,MCO,CLE,895
140,MCO,CMH,802
141,MCO,DEN,1545
142,MCO,DTW,957
143,MCO,FLL,178
144,MCO,HOU,848
145,MCO,IAD,758
146,MCO,IND,828
147,MCO,ISP,972
148,MCO,JAN,587
149,MCO,LAS,2039
150,MCO,MCI,1072
151,MCO,MDW,989
152,MCO,MHT,1142
153,MCO,MSY,550
154,MCO,ORF,655
155,MCO,PHL,861
156,MCO,PHX,1848
157,MCO,PIT,834
158,MCO,PVD,1073
159,MCO,RDU,534
160,MCO,RSW,133
161,MCO,SAT,1040
162,MCO,SDF,718
163,MCO,STL,880
164,MDW,ABQ,1121
165,MDW,ALB,717
166,MDW,AUS,972
167,MDW,BDL,777
168,MDW,BHM,570
169,MDW,BNA,395
170,MDW,BUF,468
171,MDW,BWI,611
172,MDW,CLE,307
173,MDW,CMH,284
174,MDW,DEN,895
175,MDW,DTW,229
176,MDW,FLL,1166
177,MDW,HOU,937
178,MDW,IAD,577
179,MDW,IND,162
180,MDW,ISP,765
181,MDW,JAN,666
182,MDW,LAS,1521
183,MDW,LAX,1750
184,MDW,LIT,544
185,MDW,MCI,405
186,MDW,MCO,989
187,MDW,MHT,838
188,MDW,MSY,825
189,MDW,OAK,1844
190,MDW,OMA,423
191,MDW,ORF,704
192,MDW,PDX,1751
193,MDW,PHL,668
194,MDW,PHX,1444
195,MDW,PIT,402
196,MDW,PVD,842
197,MDW,RDU,632
198,MDW,RNO,1680
199,MDW,RSW,1105
200,MDW,SAN,1728
201,MDW,SAT,1036
202,MDW,SDF,271
203,MDW,SEA,1733
204,MDW,SFO,1855
205,MDW,SJC,1838
206,MDW,SLC,1258
207,MDW,SMF,1790
208,MDW,STL,251
209,MDW,TPA,997
210,MDW,TUS,1440
211,MHT,BWI,377
212,MHT,LAS,2356
213,MHT,MCO,1142
214,MHT,MDW,838
215,MHT,PHL,290
216,MHT,PHX,2279
217,MHT,TPA,1204
218,MSY,BHM,321
219,MSY,BWI,998
220,MSY,DAL,437
221,MSY,FLL,673
222,MSY,HOU,303
223,MSY,LAS,1501
224,MSY,MCO,550
225,MSY,MDW,825
226,MSY,PHX,1301
227,MSY,TPA,487
228,OAK,ABQ,889
229,OAK,BNA,1959
230,OAK,BOI,511
231,OAK,BUR,325
232,OAK,DEN,957
233,OAK,GEG,723
234,OAK,HOU,1642
235,OAK,LAS,407
236,OAK,LAX,337
237,OAK,MCI,1489
238,OAK,MDW,1844
239,OAK,ONT,361
240,OAK,PDX,543
241,OAK,PHX,646
242,OAK,RNO,180
243,OAK,SAN,446
244,OAK,SEA,671
245,OAK,SLC,588
246,OAK,SNA,371
247,OAK,TUS,747
248,OKC,BWI,1180
249,OKC,DAL,181
250,OKC,DEN,495
251,OKC,HOU,419
252,OKC,LAS,987
253,OKC,MCI,313
254,OKC,PHX,833
255,OKC,STL,462
256,OMA,LAS,1099
257,OMA,MDW,423
258,OMA,PHX,1037
259,OMA,STL,342
260,ONT,BNA,1751
261,ONT,LAS,197
262,ONT,OAK,361
263,ONT,PHX,325
264,ONT,SJC,333
265,ONT,SMF,389
266,ORF,BWI,159
267,ORF,JAX,543
268,ORF,LAS,2155
269,ORF,MCO,655
270,ORF,MDW,704
271,ORF,TPA,717
272,PBI,BWI,883
273,PBI,ISP,1052
274,PBI,PHL,951
275,PBI,TPA,174
276,PDX,ABQ,1111
277,PDX,BOI,344
278,PDX,GEG,279
279,PDX,LAS,762
280,PDX,MDW,1751
281,PDX,OAK,543
282,PDX,PHX,1009
283,PDX,RNO,444
284,PDX,SJC,569
285,PDX,SLC,630
286,PDX,SMF,479
287,PHL,BNA,675
288,PHL,CMH,405
289,PHL,FLL,992
290,PHL,HOU,1335
291,PHL,JAX,742
292,PHL,LAS,2176
293,PHL,MCO,861
294,PHL,MDW,668
295,PHL,MHT,290
296,PHL,PBI,951
297,PHL,PHX,2075
298,PHL,PIT,267
299,PHL,PVD,238
300,PHL,RDU,336
301,PHL,TPA,920
302,PHX,ABQ,328
303,PHX,AUS,872
304,PHX,BHM,1455
305,PHX,BNA,1448
306,PHX,BUF,1912
307,PHX,BUR,369
308,PHX,BWI,1999
309,PHX,CMH,1671
310,PHX,DEN,602
311,PHX,DTW,1671
312,PHX,ELP,347
313,PHX,HOU,1020
314,PHX,IND,1489
315,PHX,LAS,256
316,PHX,LAX,370
317,PHX,LIT,1136
318,PHX,MCI,1044
319,PHX,MDW,1444
320,PHX,MHT,2279
321,PHX,OAK,646
322,PHX,OKC,833
323,PHX,OMA,1037
324,PHX,ONT,325
325,PHX,PDX,1009
326,PHX,PHL,2075
327,PHX,PIT,1813
328,PHX,RNO,601
329,PHX,SAN,304
330,PHX,SAT,843
331,PHX,SEA,1107
332,PHX,SJC,621
333,PHX,SLC,507
334,PHX,SMF,647
335,PHX,SNA,338
336,PHX,STL,1262
337,PHX,TPA,1788
338,PHX,TUL,935
339,PIT,BWI,210
340,PIT,LAS,1910
341,PIT,MCO,834
342,PIT,MDW,402
343,PIT,PHL,267
344,PIT,PHX,1813
345,PIT,TPA,873
346,PVD,BNA,907
347,PVD,BWI,328
348,PVD,FLL,1188
349,PVD,LAS,2363
350,PVD,MCO,1073
351,PVD,MDW,842
352,PVD,PHL,238
353,PVD,PHX,2277
354,PVD,TPA,1137
355,RDU,BNA,443
356,RDU,BWI,255
357,RDU,MCO,534
358,RDU,MDW,632
359,RDU,PHL,336
360,RDU,PHX,1891
361,RDU,TPA,587
362,RNO,BOI,335
363,RNO,LAS,345
364,RNO,LAX,390
365,RNO,MDW,1680
366,RNO,OAK,180
367,RNO,PDX,444
368,RNO,PHX,601
369,RNO,SAN,488
370,RNO,SEA,564
371,RNO,SJC,188
372,RNO,SLC,422
373,RSW,BWI,919
374,RSW,ISP,1101
375,RSW,MCO,133
376,RSW,MDW,1105
377,SAN,ABQ,628
378,SAN,AUS,1164
379,SAN,BNA,1751
380,SAN,BWI,2295
381,SAN,ELP,636
382,SAN,HOU,1312
383,SAN,LAS,258
384,SAN,MCI,1333
385,SAN,MDW,1728
386,SAN,OAK,446
387,SAN,PHX,304
388,SAN,RNO,488
389,SAN,SFO,447
390,SAN,SJC,417
391,SAN,SMF,480
392,SAN,TUS,367
393,SAT,BNA,822
394,SAT,BWI,1407
395,SAT,DAL,248
396,SAT,ELP,496
397,SAT,HOU,192
398,SAT,HRL,233
399,SAT,LAS,1069
400,SAT,LAX,1210
401,SAT,MCO,1040
402,SAT,MDW,1036
403,SAT,PHX,843
404,SAT,TPA,972
405,SDF,BHM,323
406,SDF,BWI,495
407,SDF,LAS,1624
408,SDF,MCO,718
409,SDF,MDW,271
410,SDF,PHX,1506
411,SDF,STL,254
412,SDF,TPA,727
413,SEA,ABQ,1180
414,SEA,BNA,1977
415,SEA,BOI,399
416,SEA,DEN,1024
417,SEA,GEG,224
418,SEA,LAS,866
419,SEA,MCI,1489
420,SEA,MDW,1733
421,SEA,OAK,671
422,SEA,PHX,1107
423,SEA,RNO,564
424,SEA,SJC,697
425,SEA,SLC,689
426,SEA,SMF,605
427,SFO,LAS,414
428,SFO,LAX,337
429,SFO,MDW,1855
430,SFO,SAN,447
431,SJC,BUR,296
432,SJC,LAS,386
433,SJC,LAX,308
434,SJC,MDW,1838
435,SJC,ONT,333
436,SJC,PDX,569
437,SJC,PHX,621
438,SJC,RNO,188
439,SJC,SAN,417
440,SJC,SEA,697
441,SJC,SNA,342
442,SLC,ABQ,493
443,SLC,BOI,291
444,SLC,BWI,1864
445,SLC,DEN,391
446,SLC,GEG,546
447,SLC,LAS,368
448,SLC,LAX,590
449,SLC,MDW,1258
450,SLC,OAK,588
451,SLC,PDX,630
452,SLC,PHX,507
453,SLC,RNO,422
454,SLC,SEA,689
455,SLC,STL,1156
456,SMF,BUR,358
457,SMF,LAS,397
458,SMF,LAX,373
459,SMF,MCI,1442
460,SMF,MDW,1790
461,SMF,ONT,389
462,SMF,PDX,479
463,SMF,PHX,647
464,SMF,SAN,480
465,SMF,SEA,605
466,SMF,SNA,404
467,SNA,LAS,226
468,SNA,OAK,371
469,SNA,PHX,338
470,SNA,SJC,342
471,SNA,SMF,404
472,STL,ABQ,934
473,STL,BHM,410
474,STL,BWI,737
475,STL,CLE,487
476,STL,CMH,410
477,STL,DAL,546
478,STL,DTW,440
479,STL,FLL,1056
480,STL,HOU,687
481,STL,LAS,1372
482,STL,LAX,1593
483,STL,LIT,296
484,STL,MCI,237
485,STL,MCO,880
486,STL,MDW,251
487,STL,OMA,342
488,STL,PHX,1262
489,STL,SDF,254
490,STL,SLC,1156
491,STL,TPA,869
492,STL,TUL,351
493,TPA,ABQ,1497
494,TPA,ALB,1130
495,TPA,BDL,1111
496,TPA,BHM,460
497,TPA,BNA,612
498,TPA,BUF,1054
499,TPA,BWI,842
500,TPA,CMH,829
501,TPA,DEN,1506
502,TPA,FLL,197
503,TPA,HOU,781
504,TPA,IAD,810
505,TPA,ISP,1034
506,TPA,JAX,180
507,TPA,LAS,1984
508,TPA,MCI,1048
509,TPA,MDW,997
510,TPA,MHT,1204
511,TPA,MSY,487
512,TPA,PBI,174
513,TPA,PHL,920
514,TPA,PHX,1788
515,TPA,PIT,873
516,TPA,PVD,1137
517,TPA,RDU,587
518,TPA,SAT,972
519,TPA,SDF,727
520,TPA,STL,869
521,TUL,DAL,237
522,TUL,HOU,453
523,TUL,MCI,223
524,TUL,PHX,935
525,TUS,ABQ,321
526,TUS,LAS,365
527,TUS,LAX,451
528,TUS,MDW,1440
529,TUS,SAN,367
530,ABQ,AMA,277
531,ABQ,DAL,580
532,ABQ,DEN,349
533,ABQ,HOU,759
534,ABQ,LAS,487
535,ABQ,LAX,677
536,ABQ,LBB,289
537,ABQ,MAF,332
538,ABQ,MCI,718
539,ABQ,MCO,1552
540,ABQ,MDW,1121
541,ABQ,OAK,889
542,ABQ,PHX,328
543,ABQ,SAN,628
544,ABQ,SEA,1180
545,ABQ,STL,934
546,ABQ,TUS,321
547,ALB,BWI,288
548,ALB,MCO,1073
549,ALB,MDW,717
550,AMA,DAL,324
551,AMA,DEN,358
552,AUS,BNA,756
553,AUS,DAL,189
554,AUS,DEN,775
555,AUS,ELP,528
556,AUS,HOU,148
557,AUS,LAS,1090
558,AUS,LBB,341
559,AUS,MDW,972
560,AUS,SAN,1164
561,AUS,TPA,928
562,BDL,BNA,852
563,BDL,BWI,283
564,BDL,LAS,2298
565,BDL,MCO,1050
566,BDL,TPA,1111
567,BHM,BWI,682
568,BHM,DAL,587
569,BHM,LAS,1618
570,BHM,MCO,478
571,BHM,TPA,460
572,BNA,AUS,756
573,BNA,BDL,852
574,BNA,BHM,177
575,BNA,BWI,588
576,BNA,CMH,338
577,BNA,DEN,1013
578,BNA,DTW,457
579,BNA,FLL,793
580,BNA,HOU,670
581,BNA,JAX,484
582,BNA,LAS,1588
583,BNA,LAX,1797
584,BNA,MCO,616
585,BNA,MDW,395
586,BNA,MSY,471
587,BNA,ONT,1751
588,BNA,PHX,1448
589,BNA,RDU,443
590,BNA,SAT,822
591,BNA,SEA,1977
592,BNA,TPA,612
593,BOI,GEG,287
594,BOI,LAS,520
595,BOI,OAK,511
596,BOI,PDX,344
597,BOI,SLC,291
598,BUF,BWI,281
599,BUF,LAS,1987
600,BUF,MCO,1011
601,BUF,MDW,468
602,BUF,PHX,1912
603,BUF,TPA,1054
604,BUR,LAS,223
605,BUR,OAK,325
606,BUR,PHX,369
607,BUR,SJC,296
608,BUR,SMF,358
609,BWI,ALB,288
610,BWI,BDL,283
611,BWI,BHM,682
612,BWI,BNA,588
613,BWI,BUF,281
614,BWI,DEN,1491
615,BWI,DTW,408
616,BWI,FLL,925
617,BWI,HOU,1246
618,BWI,IND,515
619,BWI,ISP,220
620,BWI,JAN,888
621,BWI,JAX,663
622,BWI,LAS,2106
623,BWI,MCI,967
624,BWI,MCO,787
625,BWI,MDW,611
626,BWI,MHT,377
627,BWI,MSY,998
628,BWI,OKC,1180
629,BWI,ORF,159
630,BWI,PBI,883
631,BWI,PHX,1999
632,BWI,PIT,210
633,BWI,PVD,328
634,BWI,RDU,255
635,BWI,RSW,919
636,BWI,SAN,2295
637,BWI,SAT,1407
638,BWI,SLC,1864
639,BWI,STL,737
640,BWI,TPA,842
641,CLE,BNA,448
642,CLE,MCO,895
643,CLE,MDW,307
644,CLE,STL,487
645,CMH,BWI,336
646,CMH,LAS,1772
647,CMH,MCO,802
648,CMH,MDW,284
649,CRP,HOU,187
650,DAL,ABQ,580
651,DAL,AMA,324
652,DAL,AUS,189
653,DAL,BHM,587
654,DAL,ELP,562
655,DAL,HOU,239
656,DAL,LBB,293
657,DAL,LIT,296
658,DAL,MAF,319
659,DAL,MCI,461
660,DAL,MSY,437
661,DAL,OKC,181
662,DAL,SAT,248
663,DAL,STL,546
664,DAL,TUL,237
665,DEN,ABQ,349
666,DEN,AUS,775
667,DEN,BNA,1013
668,DEN,BWI,1491
669,DEN,HOU,883
670,DEN,LAS,629
671,DEN,MCI,533
672,DEN,MCO,1545
673,DEN,MDW,895
674,DEN,OAK,957
675,DEN,OKC,495
676,DEN,PHX,602
677,DEN,SEA,1024
678,DEN,SLC,391
679,DEN,TPA,1506
680,DTW,BNA,457
681,DTW,BWI,408
682,DTW,MDW,229
683,DTW,STL,440
684,ELP,ABQ,223
685,ELP,AUS,528
686,ELP,DAL,562
687,ELP,HOU,677
688,ELP,LAS,584
689,ELP,LAX,714
690,ELP,LBB,295
691,ELP,PHX,347
692,ELP,SAT,496
693,FLL,BNA,793
694,FLL,HOU,957
695,FLL,JAX,318
696,FLL,MCO,178
697,FLL,MDW,1166
698,FLL,PHL,992
699,FLL,PVD,1188
700,FLL,STL,1056
701,FLL,TPA,197
702,GEG,BOI,287
703,GEG,LAS,806
704,GEG,OAK,723
705,GEG,PDX,279
706,GEG,SEA,224
707,GEG,SLC,546
708,HOU,AUS,148
709,HOU,BNA,670
710,HOU,DAL,239
711,HOU,DEN,883
712,HOU,ELP,677
713,HOU,FLL,957
714,HOU,HRL,276
715,HOU,JAN,359
716,HOU,JAX,816
717,HOU,LAX,1390
718,HOU,LIT,393
719,HOU,MCO,848
720,HOU,MDW,937
721,HOU,MSY,303
722,HOU,OKC,419
723,HOU,PHL,1335
724,HOU,PHX,1020
725,HOU,SAN,1312
726,HOU,SAT,192
727,HOU,STL,687
728,HOU,TPA,781
729,HRL,HOU,276
730,IAD,MDW,577
731,IND,MCI,451
732,ISP,LAS,2283
733,JAX,ORF,543
734,LAS,BHM,1618
735,LBB,ABQ,289
736,PDX,MCI,1481
737,PHL,RSW,992
738,PHX,MSY,1301
739,PHX,PVD,2277
740,RDU,LAS,2027
741,SAN,SAT,1129
742,ABQ,ELP,223
743,ABQ,PDX,1111
744,ABQ,SLC,493
745,ABQ,TPA,1497
746,ALB,LAS,2237
747,AUS,BWI,1342
748,AUS,LAX,1242
749,AUS,PHX,872
750,BDL,MDW,777
751,BHM,HOU,570
752,BHM,MDW,570
753,BHM,PHX,1455
754,BNA,CLE,448
755,BNA,MCI,491
756,BNA,OAK,1959
757,BNA,SAN,1751
758,BOI,RNO,335
759,BOI,SEA,399
760,BWI,ABQ,1670
761,BWI,AUS,1342
762,BWI,CMH,336
763,BWI,LIT,912
764,BWI,SDF,495
765,CLE,BWI,314
766,CMH,PHL,405
767,CMH,STL,410
768,DEN,AMA,358
769,DTW,MCO,957
770,DTW,PHX,1671
771,FLL,BWI,925
772,FLL,ISP,1093
773,HOU,ABQ,759
774,HOU,BWI,1246
775,HOU,CRP,187
776,HOU,LAS,1235
777,IAD,MCO,758
778,JAX,BWI,663
779,LIT,PHX,1136
780,PHX,MCO,1848
781,PHX,RDU,1891
782,TPA,AUS,928
783,BHM,SDF,323
784,BNA,PHL,675
785,BNA,PVD,907
786,BWI,CLE,314
787,CMH,BNA,338
788,CMH,TPA,829
789,HOU,BHM,570
790,HOU,MAF,441
791,HOU,OAK,1642
792,HOU,TUL,453
793,PHX,SDF,1506
794,STL,OKC,462
795,TUS,OAK,747
796,ABQ,BWI,1670
797,AMA,LAS,758
798,FLL,MSY,673
799,BHM,JAX,365
800,CLE,LAS,1825
801,CMH,PHX,1671
802,HRL,SAT,233
803,TPA,IND,838
804,BHM,BNA,177
805,BHM,MSY,321
806,MSY,BNA,471
807,TUL,STL,351
808,RSW,PHL,992
809,AUS,MAF,294
810,TPA,ORF,717
811,AUS,MCO,993
812,BHM,STL,410
813,IAD,LAS,2066
814,LBB,LAS,775
815,AUS,HRL,273
816,HRL,AUS,273
817,ELP,SAN,636
818,SAT,SAN,1129
819,TUL,LAS,1076
820,LBB,ELP,295
821,ALB,TPA,1130
822,AMA,ABQ,277
823,ROC,EWR,246
824,ABQ,IAH,744
825,ORD,EWR,719
826,MCI,IAH,643
827,EWR,OMA,1133
828,SYR,CLE,317
829,CLE,SDF,304
830,TUL,EWR,1215
831,CLE,ROC,245
832,EWR,MYR,550
833,IND,EWR,644
834,EWR,RDU,416
835,EWR,GSO,446
836,IAH,SAV,851
837,CRW,IAH,975
838,IAH,RIC,1157
839,AUS,ONT,1197
840,ONT,MCI,1318
841,FAT,ONT,222
842,ONT,ELP,670
843,COS,ONT,789
844,ONT,COS,789
845,ELP,ONT,670
846,ONT,FAT,222
847,ONT,ABQ,631
848,ONT,BOI,660
849,MCI,ONT,1318
850,BOI,ONT,660
851,GEG,ONT,936
852,ELP,TUS,269
853,TUS,ONT,409
854,ONT,TUS,409
855,TUS,ELP,269
856,MRY,ONT,296
857,ONT,MRY,296
858,FAT,LGB,222
859,LGB,MRY,283
860,ABQ,ONT,631
861,MRY,LGB,283
862,ONT,SAT,1167
863,LGB,FAT,222
864,SAT,ONT,1167
865,SAT,TUL,483
866,TUL,SAT,483
867,AUS,OKC,358
868,OKC,SMF,1342
869,ONT,AUS,1197
870,LGB,GEG,953
871,LGB,RNO,402
872,RNO,GEG,572
873,GEG,LGB,953
874,GEG,RNO,572
875,RNO,LGB,402
876,BFL,SMF,265
877,SMF,GEG,649
878,GEG,SMF,649
879,SMF,BFL,265
880,SMF,TUS,752
881,TUS,AUS,797
882,TUL,ABQ,608
883,SMF,COS,911
884,COS,SMF,911
885,OKC,SAT,407
886,SAT,SMF,1463
887,SMF,SAT,1463
888,ONT,TUL,1236
889,ABQ,SMF,866
890,ABQ,OKC,510
891,SMF,ABQ,866
892,TUL,SMF,1419
893,SMF,TUL,1419
894,OKC,AUS,358
895,SMF,OKC,1342
896,ABQ,SAT,609
897,OKC,ONT,1140
898,ONT,GEG,936
899,TUS,MCI,1036
900,TUS,RNO,710
901,MCI,RDU,904
902,SAT,TUS,762
903,TUS,SMF,752
904,AUS,TUS,797
905,JAX,AUS,954
906,AUS,ABQ,619
907,AUS,JAX,954
908,JAX,RDU,408
909,ABQ,AUS,619
910,GEG,TUS,1125
911,ONT,OKC,1140
912,MSY,RDU,779
913,SAT,MSY,495
914,SAT,OKC,407
915,TUS,SAT,762
916,TUL,ONT,1236
917,SAN,BOI,749
918,BOI,SAN,749
919,COS,SAN,816
920,ONT,SAN,94
921,OKC,SAN,1136
922,SAN,OMA,1313
923,SAN,TUL,1236
924,SAN,OKC,1136
925,ABQ,TUL,608
926,TUL,SAN,1236
927,OMA,SAN,1313
928,SAN,COS,816
929,SAN,GEG,1027
930,GEG,SAN,1027
931,SAN,FAT,314
932,FAT,SAN,314
933,SAN,MRY,376
934,MRY,SAN,376
935,SAN,BFL,215
936,BFL,SAN,215
937,ONT,RNO,394
938,SAT,ABQ,609
939,SAT,RDU,1225
940,RDU,SAT,1225
941,JAX,MSY,513
942,MSY,AUS,445
943,RNO,TUS,710
944,AUS,MSY,445
945,MSY,JAX,513
946,RDU,MSY,779
947,RDU,MCI,904
948,MSY,SAT,495
949,RDU,BHM,481
950,BHM,RDU,481
951,MCI,JAX,956
952,RNO,ONT,394
953,AUS,MCI,650
954,RDU,JAX,408
955,MCI,TUS,1036
956,MCI,AUS,650
957,MCI,MSY,690
958,MSY,MCI,690
959,TUS,OMA,1046
960,OMA,TUS,1046
961,JAX,MCI,956
962,TUS,GEG,1125
963,OMA,ONT,1286
964,ONT,OMA,1286
965,SLC,OKC,866
966,SLC,EUG,619
967,OKC,SLC,866
968,ONT,SLC,558
969,SLC,ONT,558
970,EUG,SLC,619
971,MCI,SLC,919
972,SLC,MCI,919
973,LAX,OKC,1187
974,OKC,LAX,1187
975,LAX,SEA,954
976,EUG,LAX,748
977,SEA,LAX,954
978,DEN,LAX,862
979,LAX,DEN,862
980,ICT,LAX,1203
981,LAX,ICT,1203
982,LAX,EUG,748
983,BOI,LAX,674
984,LAX,BOI,674
985,GEG,LAX,945
986,LAX,GEG,945
987,PDX,LAX,834
988,LAX,PDX,834
989,TUL,AUS,426
990,AUS,TUL,426
991,MEM,IAH,469
992,RDU,IAH,1043
993,BHM,IAH,562
994,EWR,SAV,708
995,BTV,EWR,266
996,BUF,EWR,282
997,EWR,CAE,602
998,MKE,IAH,984
999,ORD,CLE,316
1000,LFT,IAH,201
1001,IAH,DFW,224
1002,BRO,IAH,308
1003,ICT,IAH,542
1004,IAH,OMA,781
1005,EWR,PVD,160
1006,PWM,EWR,284
1007,EWR,DAY,533
1008,MSP,IAH,1034
1009,SRQ,CLE,967
1010,EWR,STL,872
1011,CLT,EWR,529
1012,EWR,MSP,1008
1013,EWR,GSP,594
1014,MCI,EWR,1092
1015,ALB,EWR,143
1016,BDL,CLE,475
1017,IAH,JAX,817
1018,BNA,IAH,657
1019,EWR,SDF,642
1020,MKE,EWR,725
1021,IAH,MEM,469
1022,EWR,TYS,631
1023,IAD,CLE,288
1024,IAH,SHV,192
1025,EWR,BTV,266
1026,MEM,EWR,946
1027,SDF,IAH,788
1028,CVG,EWR,569
1029,JAX,IAH,817
1030,IAH,MCI,643
1031,IAH,BHM,562
1032,BHM,EWR,850
1033,IAH,MFE,316
1034,IAH,MAF,429
1035,MSP,EWR,1008
1036,ORF,IAH,1201
1037,GSO,EWR,446
1038,IAH,OKC,395
1039,EWR,PWM,284
1040,IAH,JAN,351
1041,EWR,ATL,745
1042,IAD,EWR,213
1043,EWR,JAX,821
1044,PIT,EWR,319
1045,SHV,IAH,192
1046,IAD,IAH,1190
1047,CLE,SYR,317
1048,SDF,CLE,304
1049,EWR,MKE,725
1050,CLE,MSY,917
1051,IAH,HSV,595
1052,DCA,EWR,199
1053,BUF,CLE,192
1054,EWR,MCI,1092
1055,IAH,BTR,253
1056,OKC,IAH,395
1057,EWR,DTW,487
1058,EWR,CHS,628
1059,TYS,EWR,631
1060,BNA,EWR,748
1061,GSP,EWR,594
1062,IAH,DAL,217
1063,IAH,ELP,667
1064,PVD,EWR,160
1065,EWR,MSN,799
1066,OMA,IAH,781
1067,CLE,PVD,540
1068,RIC,EWR,278
1069,IAH,BNA,657
1070,IAH,LFT,201
1071,MHT,EWR,209
1072,IAH,LRD,301
1073,RIC,CLE,362
1074,CLE,SRQ,967
1075,SYR,EWR,194
1076,IAH,TYS,772
1077,EWR,CLT,529
1078,IAH,COS,809
1079,EWR,RIC,278
1080,EWR,SYR,194
1081,CLE,MKE,328
1082,EWR,PIT,319
1083,EWR,OKC,1325
1084,IAH,ABQ,744
1085,IAH,GSP,838
1086,DFW,IAH,224
1087,IAH,VPS,510
1088,IAH,AVL,834
1089,IAH,GPT,376
1090,CLE,LGA,418
1091,IAH,ORF,1201
1092,CMH,EWR,462
1093,CLE,DAY,162
1094,CLE,ABE,339
1095,EWR,BDL,116
1096,BGR,EWR,393
1097,IAH,MSY,305
1098,RDU,EWR,416
1099,EWR,LIT,1069
1100,JAX,EWR,821
1101,DAY,IAH,929
1102,STL,EWR,872
1103,EWR,ALB,143
1104,EWR,BGR,393
1105,BWI,EWR,169
1106,CLE,RDU,416
1107,RDU,CLE,416
1108,IAH,DAY,929
1109,CLE,DCA,310
1110,EWR,IAD,213
1111,IAH,MKE,984
1112,PIT,IAH,1117
1113,EWR,MHT,209
1114,MSY,IAH,305
1115,DTW,EWR,487
1116,CLE,MCI,694
1117,EWR,BNA,748
1118,IAH,IAD,1190
1119,CLE,ORD,316
1120,EWR,ORD,719
1121,TUS,IAH,936
1122,CLE,IAD,288
1123,EWR,TUL,1215
1124,SDF,EWR,642
1125,IAH,MSP,1034
1126,GRR,CLE,214
1127,EWR,ROC,246
1128,EWR,CMH,462
1129,LIT,IAH,374
1130,IAH,IND,845
1131,CVG,IAH,871
1132,EWR,GRR,605
1133,IAH,CLT,913
1134,IAH,GRR,1042
1135,IAH,TUL,429
1136,EWR,BUF,282
1137,CHS,EWR,628
1138,IAH,MOB,427
1139,IAH,PNS,489
1140,EWR,BWI,169
1141,EWR,DCA,199
1142,JAN,EWR,1055
1143,DAY,EWR,533
1144,IAH,ICT,542
1145,CAE,EWR,602
1146,IAH,CHA,686
1147,IAH,MGM,554
1148,MHT,CLE,544
1149,GSP,IAH,838
1150,TLH,IAH,658
1151,ORF,EWR,284
1152,IAH,CVG,871
1153,XNA,EWR,1130
1154,IAH,AMA,519
1155,GPT,IAH,376
1156,BDL,EWR,116
1157,EWR,ORF,284
1158,VPS,IAH,510
1159,LGA,CLE,418
1160,CLE,MHT,544
1161,CLE,GRR,214
1162,ATL,EWR,745
1163,MSN,EWR,799
1164,IAH,GRK,166
1165,CLE,BTV,489
1166,SAV,EWR,708
1167,EWR,BHM,850
1168,CLE,GSP,450
1169,DAL,IAH,217
1170,BTR,IAH,253
1171,IAH,CMH,986
1172,RIC,IAH,1157
1173,GRR,EWR,605
1174,IAH,PSP,1269
1175,LEX,IAH,828
1176,IAH,TLH,658
1177,LRD,IAH,301
1178,MOB,IAH,427
1179,JAN,IAH,351
1180,SLC,IAH,1195
1181,IAH,LCH,127
1182,IAH,TUS,936
1183,CLE,BOS,563
1184,GSP,CLE,450
1185,IAH,BRO,308
1186,EWR,AVL,583
1187,EWR,JAN,1055
1188,IAH,XNA,438
1189,IAH,SDF,788
1190,EWR,XNA,1130
1191,IAH,STL,668
1192,MKE,CLE,328
1193,PBI,IAH,956
1194,MTJ,IAH,926
1195,IAH,ATL,689
1196,GRR,IAH,1042
1197,GRK,IAH,166
1198,IAH,PHX,1009
1199,CLE,PHL,363
1200,AEX,IAH,190
1201,ALB,CLE,424
1202,IAH,ORD,925
1203,IAH,HRL,295
1204,COS,IAH,809
1205,XNA,IAH,438
1206,IAH,BPT,79
1207,IAH,DCA,1208
1208,PNS,IAH,489
1209,DCA,CLE,310
1210,CLE,DFW,1021
1211,AMA,IAH,519
1212,IAH,LEX,828
1213,IAH,RDU,1043
1214,PHX,IAH,1009
1215,CLE,SAT,1241
1216,CLE,BUF,192
1217,TUL,IAH,429
1218,ABE,CLE,339
1219,ELP,IAH,667
1220,EWR,CVG,569
1221,LBB,IAH,458
1222,CLE,PWM,609
1223,CLE,DTW,95
1224,IAH,MTJ,926
1225,GSO,IAH,986
1226,OKC,CLE,948
1227,IAH,PIT,1117
1228,LEX,EWR,588
1229,IND,IAH,845
1230,MSP,CLE,622
1231,TYS,IAH,772
1232,HSV,IAH,595
1233,CLE,MSP,622
1234,CHA,IAH,686
1235,MAF,IAH,429
1236,CLT,IAH,913
1237,CLE,TYS,403
1238,IAH,AEX,190
1239,MCI,CLE,694
1240,IAH,GSO,986
1241,IAH,MLU,262
1242,AUS,CLE,1174
1243,MFE,IAH,316
1244,CLE,ALB,424
1245,CLE,ATL,554
1246,STL,IAH,668
1247,ROC,CLE,245
1248,IAH,DSM,802
1249,CMH,IAH,986
1250,CLE,DEN,1201
1251,IAH,CRW,975
1252,DFW,CLE,1021
1253,MLU,IAH,262
1254,DSM,IAH,802
1255,EWR,IND,644
1256,MGM,IAH,554
1257,EWR,LEX,588
1258,IAH,SLC,1195
1259,IAH,LIT,374
1260,CLE,RIC,362
1261,EWR,MEM,946
1262,CLT,CLE,430
1263,CLE,OKC,948
1264,AVL,EWR,583
1265,LCH,IAH,127
1266,ORF,CLE,435
1267,LIT,EWR,1069
1268,DTW,CLE,95
1269,DCA,IAH,1208
1270,BOS,CLE,563
1271,MYR,EWR,550
1272,IND,CLE,261
1273,ORD,IAH,925
1274,DAY,CLE,162
1275,IAH,AUS,140
1276,HRL,IAH,295
1277,CHS,IAH,925
1278,CLL,IAH,74
1279,EWR,BOS,200
1280,IAH,CLL,74
1281,CLE,AUS,1174
1282,IAH,RSW,861
1283,IAH,PBI,956
1284,TYS,CLE,403
1285,ATL,IAH,689
1286,IAH,LBB,458
1287,CLE,MSN,402
1288,SAV,IAH,851
1289,PVD,CLE,540
1290,OMA,EWR,1133
1291,SAT,CLE,1241
1292,MSN,CLE,402
1293,CLE,IND,261
1294,BTV,CLE,489
1295,BOS,EWR,200
1296,MSY,CLE,917
1297,MSY,EWR,1167
1298,MDW,EWR,711
1299,IAH,CHS,925
1300,OKC,EWR,1325
1301,EWR,MSY,1167
1302,EWR,MDW,711
1303,CLE,BDL,475
1304,AVL,IAH,834
1305,CLE,CLT,430
1306,IAH,MCO,853
1307,ATL,CLE,554
1308,PHL,CLE,363
1309,PWM,CLE,609
1310,CLE,ORF,435
1311,MCO,IAH,853
1312,DAB,EWR,884
1313,ABE,ORD,654
1314,ASE,DEN,125
1315,ASE,PHX,491
1316,ATW,ORD,160
1317,AUS,IAD,1297
1318,BDL,ORD,783
1319,BHM,ORD,584
1320,BMI,ORD,116
1321,BNA,CLT,329
1322,BNA,IAD,542
1323,BNA,ORD,409
1324,BOS,IAD,413
1325,BUF,ORD,473
1326,CAE,IAD,401
1327,CAE,ORD,666
1328,CAK,ORD,344
1329,CHS,IAD,441
1330,CHS,ORD,760
1331,CID,ORD,196
1332,CLT,BNA,329
1333,CLT,CMH,346
1334,CLT,IAD,321
1335,CLT,ILM,185
1336,CLT,JFK,541
1337,CLT,MEM,512
1338,CLT,MYR,156
1339,CLT,ORD,599
1340,CLT,ORF,290
1341,CLT,PNS,488
1342,CLT,PWM,812
1343,CLT,SAV,213
1344,CMH,CLT,346
1345,CPR,DEN,230
1346,DEN,ASE,125
1347,DEN,ATL,1199
1348,DEN,CPR,230
1349,DEN,DRO,251
1350,DEN,RAP,301
1351,DEN,SAT,794
1352,DSM,DEN,589
1353,DTW,CLT,500
1354,EGE,DEN,121
1355,FLG,PHX,119
1356,FSD,ORD,462
1357,FWA,ORD,157
1358,GJT,DEN,212
1359,GJT,PHX,438
1360,GRB,ORD,174
1361,GRR,ORD,137
1362,GSO,CLT,83
1363,GSO,ORD,590
1364,GSP,ORD,577
1365,HNL,KOA,163
1366,HNL,LIH,102
1367,HNL,OGG,100
1368,HSV,IAD,595
1369,IAD,ATL,533
1370,IAD,BNA,542
1371,IAD,BOS,413
1372,IAD,CHS,441
1373,IAD,CLT,321
1374,IAD,HSV,595
1375,IAD,JAX,631
1376,IAD,LGA,229
1377,IAD,MDT,94
1378,IAD,ORF,157
1379,IAD,PIT,183
1380,IAD,PWM,494
1381,IAD,ROA,177
1382,IAD,SAT,1362
1383,IAD,SAV,515
1384,IAD,SPI,657
1385,JAX,IAD,631
1386,KOA,HNL,163
1387,LAN,ORD,179
1388,LAS,EUG,699
1389,LAS,MFR,599
1390,LGA,IAD,229
1391,LGB,PHX,355
1392,LIH,HNL,102
1393,MBS,ORD,222
1394,MCI,IAD,926
1395,MDT,ORD,594
1396,MFR,LAS,599
1397,MRY,PHX,598
1398,MTJ,DEN,197
1399,OGG,HNL,100
1400,OKC,ORD,693
1401,ORD,ABE,654
1402,ORD,ATW,160
1403,ORD,AUS,978
1404,ORD,BDL,783
1405,ORD,BMI,116
1406,ORD,BNA,409
1407,ORD,BUF,473
1408,ORD,CAE,666
1409,ORD,CAK,344
1410,ORD,CHS,760
1411,ORD,CID,196
1412,ORD,CLT,599
1413,ORD,DSM,299
1414,ORD,FSD,462
1415,ORD,FWA,157
1416,ORD,GRB,174
1417,ORD,GSO,590
1418,ORD,GSP,577
1419,ORD,LAN,179
1420,ORD,MBS,222
1421,ORD,OKC,693
1422,ORD,PIT,412
1423,ORD,SBN,84
1424,ORD,SPI,174
1425,ORF,CLT,290
1426,ORF,ORD,717
1427,PHX,ASE,491
1428,PHX,BFL,425
1429,PHX,DRO,351
1430,PHX,DSM,1149
1431,PHX,FLG,119
1432,PHX,GJT,438
1433,PHX,ICT,870
1434,PHX,MEM,1263
1435,PHX,MFR,854
1436,PHX,PSP,261
1437,PHX,TUS,110
1438,PHX,YUM,160
1439,PIT,IAD,183
1440,PIT,ORD,412
1441,PNS,CLT,488
1442,PSP,PHX,261
1443,PWM,ORD,900
1444,RAP,DEN,301
1445,ROA,IAD,177
1446,SAT,DEN,794
1447,SAT,IAD,1362
1448,SAV,IAD,515
1449,SBA,PHX,455
1450,SBN,ORD,84
1451,SPI,IAD,657
1452,SPI,ORD,174
1453,SYR,ORD,607
1454,TEX,PHX,387
1455,YUM,LAS,238
1456,YUM,PHX,160
1457,ATL,CLT,227
1458,ATL,IAD,533
1459,ATL,ORD,606
1460,AVP,ORD,631
1461,BFL,LAS,224
1462,BFL,PHX,425
1463,BHM,IAD,638
1464,CHS,CLT,168
1465,CLT,ATL,227
1466,CLT,CHS,168
1467,CLT,GSO,83
1468,CLT,MDT,413
1469,CLT,RIC,256
1470,CLT,STL,575
1471,COS,DEN,72
1472,CWA,ORD,213
1473,DEN,EGE,121
1474,DEN,GJT,212
1475,DRO,PHX,351
1476,EUG,PHX,952
1477,FAT,LAS,258
1478,GSP,IAD,383
1479,HNL,ITO,216
1480,IAD,AUS,1297
1481,IAD,BHM,638
1482,IAD,CAE,401
1483,IAD,GSP,383
1484,IAD,MCI,926
1485,IAD,PHL,134
1486,IAD,PVD,372
1487,IAD,RDU,224
1488,IAD,SYR,296
1489,ICT,PHX,870
1490,ILM,CLT,185
1491,ITO,HNL,216
1492,JFK,CLT,541
1493,MDT,IAD,94
1494,MEM,CLT,512
1495,MHT,ORD,843
1496,MSN,ORD,109
1497,MSY,CLT,651
1498,ORD,AVP,631
1499,ORD,BHM,584
1500,ORD,COS,911
1501,ORD,CWA,213
1502,ORD,GRR,137
1503,ORD,MDT,594
1504,ORD,MSN,109
1505,ORD,ROC,528
1506,ORD,SAV,773
1507,ORD,TVC,224
1508,ORF,IAD,157
1509,PHL,IAD,134
1510,PHX,COS,551
1511,PHX,FAT,493
1512,PHX,SBP,509
1513,PVD,IAD,372
1514,RDU,IAD,224
1515,ROA,ORD,531
1516,SAV,ORD,773
1517,STL,CLT,575
1518,SYR,IAD,296
1519,TVC,ORD,224
1520,CLT,DTW,500
1521,CLT,PIT,366
1522,CLT,RDU,130
1523,COS,PHX,551
1524,DEN,MTJ,197
1525,DSM,PHX,1149
1526,FAT,PHX,493
1527,IAD,DTW,383
1528,LAS,FAT,258
1529,LAS,SBA,288
1530,LAS,SBP,314
1531,ORD,MHT,843
1532,ORD,RDU,647
1533,PHX,LGB,355
1534,PHX,MRY,598
1535,RDU,CLT,130
1536,TUS,PHX,110
1537,BDL,CLT,644
1538,CLT,BDL,644
1539,DEN,COD,392
1540,DEN,HDN,142
1541,DSM,ORD,299
1542,MYR,CLT,156
1543,PHX,SBA,455
1544,RDU,ORD,647
1545,ROC,ORD,528
1546,BUF,CLT,546
1547,BWI,CLT,361
1548,CLT,BUF,546
1549,CLT,BWI,361
1550,CLT,JAX,329
1551,DRO,DEN,251
1552,DTW,IAD,383
1553,EUG,LAS,699
1554,HDN,DEN,142
1555,IAD,ROC,289
1556,JAX,CLT,329
1557,LAS,COS,604
1558,LAS,PSP,173
1559,MCI,ORD,403
1560,MEM,PHX,1263
1561,ORD,ORF,717
1562,ORD,PWM,900
1563,PHX,EUG,952
1564,PSP,LAS,173
1565,PWM,IAD,494
1566,SBA,LAS,288
1567,CLT,SDF,336
1568,CLT,SRQ,547
1569,IAD,BDL,326
1570,IAD,MYR,372
1571,ORD,ROA,531
1572,PHX,CLD,306
1573,SBP,LAS,314
1574,SBP,PHX,509
1575,CLD,PHX,306
1576,COS,ORD,911
1577,IAD,GSO,239
1578,MFR,PHX,854
1579,MHT,IAD,418
1580,ORD,MCI,403
1581,SAT,ORD,1041
1582,BHM,CLT,351
1583,CLT,BHM,351
1584,CLT,IND,428
1585,CLT,MCI,809
1586,IND,CLT,428
1587,MCI,CLT,809
1588,MDT,CLT,413
1589,ORD,SAT,1041
1590,ORD,SYR,607
1591,RIC,CLT,256
1592,CLT,ALB,646
1593,DEN,COS,72
1594,IAD,MHT,418
1595,MSN,DEN,826
1596,SDF,CLT,336
1597,LAS,BFL,224
1598,MYR,IAD,372
1599,SAV,CLT,213
1600,BDL,IAD,326
1601,IAH,DEN,861
1602,CLT,DFW,936
1603,CLT,LIT,641
1604,CLT,PVD,683
1605,DFW,CLT,936
1606,LIT,CLT,641
1607,ORD,ATL,606
1608,PVD,CLT,683
1609,SRQ,CLT,547
1610,PWM,CLT,812
1611,ROC,IAD,289
1612,GSO,IAD,239
1613,ALB,CLT,646
1614,PIT,CLT,366
1615,PHX,TEX,387
1616,CLT,SYR,603
1617,MSP,CLT,930
1618,ROC,CLT,573
1619,SYR,CLT,603
1620,LAS,MRY,375
1621,COS,LAS,604
1622,MRY,LAS,375
1623,ATL,DSM,743
1624,CVG,GSP,317
1625,DSM,CVG,505
1626,HPN,CVG,597
1627,CVG,MSP,596
1628,DCA,BTR,985
1629,AUS,JFK,1522
1630,JFK,AUS,1522
1631,CVG,DAY,64
1632,BOS,PHL,280
1633,FSD,CVG,701
1634,ORF,JFK,289
1635,JFK,PHL,94
1636,DCA,LEX,414
1637,CVG,PHL,507
1638,CVG,JFK,589
1639,JFK,BNA,766
1640,CVG,BDL,661
1641,STL,JFK,892
1642,MSP,CVG,596
1643,BOS,BNA,943
1644,BTR,DCA,985
1645,HSV,CVG,325
1646,CVG,CID,419
1647,CVG,GRR,268
1648,MIA,CVG,948
1649,LGA,RDU,431
1650,CVG,DSM,505
1651,SYR,CVG,527
1652,CVG,CLE,221
1653,ALB,CVG,623
1654,JFK,PVD,144
1655,PHL,CVG,507
1656,CVG,PIT,256
1657,CVG,BHM,396
1658,DCA,JFK,213
1659,LGA,CHS,641
1660,CMH,CVG,116
1661,JFK,RDU,426
1662,DTW,CVG,229
1663,CVG,BNA,230
1664,RDU,CVG,390
1665,LGA,CLT,544
1666,MCI,CVG,539
1667,BNA,JFK,766
1668,LGA,RIC,292
1669,RIC,LGA,292
1670,OMA,CVG,614
1671,CMH,LGA,478
1672,RDU,JFK,426
1673,CVG,DTW,229
1674,TUL,CVG,646
1675,CVG,DEN,1069
1676,JFK,PIT,340
1677,MKE,CVG,318
1678,JFK,DCA,213
1679,PWM,JFK,274
1680,CVG,SYR,527
1681,TPA,CVG,773
1682,CVG,TPA,773
1683,DSM,ATL,743
1684,CVG,FLL,932
1685,RDU,BOS,612
1686,CVG,PBI,892
1687,PBI,CVG,892
1688,LGA,MLB,955
1689,STL,CVG,307
1690,CVG,JAX,614
1691,BNA,CVG,230
1692,CVG,LGA,585
1693,CVG,ORD,264
1694,CVG,COS,1078
1695,CVG,OKC,756
1696,PWM,CVG,810
1697,ATL,GSO,306
1698,CVG,MEM,403
1699,CVG,MKE,318
1700,CVG,DFW,812
1701,CVG,CHS,497
1702,SYR,ATL,793
1703,ATL,LEX,303
1704,ATL,SYR,793
1705,CVG,AUS,958
1706,DAY,CVG,64
1707,CVG,RDU,390
1708,ORD,CVG,264
1709,RDU,LGA,431
1710,ROC,CVG,461
1711,CHS,CVG,497
1712,LGA,LEX,604
1713,ORD,JFK,740
1714,DCA,CVG,411
1715,BGR,CVG,906
1716,CVG,BGR,906
1717,ROC,JFK,264
1718,CVG,LEX,70
1719,CVG,IND,98
1720,IND,CVG,98
1721,CVG,PWM,810
1722,CVG,SGF,491
1723,CVG,ROC,461
1724,CVG,MCI,539
1725,CVG,BOS,752
1726,BWI,CVG,430
1727,ATL,SDF,321
1728,BOS,BWI,370
1729,BWI,BOS,370
1730,LGA,GSP,610
1731,BDL,CVG,661
1732,CVG,BWI,430
1733,DFW,CVG,812
1734,CVG,SRQ,812
1735,GRR,CVG,268
1736,SDF,CVG,83
1737,LGA,JAX,834
1738,JFK,ROC,264
1739,CVG,GSO,330
1740,CVG,TYS,226
1741,CVG,TUL,646
1742,BTV,CVG,702
1743,CVG,CMH,116
1744,LGA,CMH,478
1745,JFK,ORD,740
1746,BOS,RDU,612
1747,CVG,SDF,83
1748,BOS,GSO,645
1749,PIT,CVG,256
1750,CVG,MIA,948
1751,LGA,TYS,647
1752,CVG,STL,307
1753,LEX,CVG,70
1754,SRQ,CVG,812
1755,VPS,LGA,1019
1756,LGA,VPS,1019
1757,BTR,ATL,449
1758,BOS,JFK,187
1759,JFK,BOS,187
1760,JFK,BWI,184
1761,DTW,JFK,508
1762,RIC,CVG,413
1763,CMH,JFK,483
1764,BDL,JFK,106
1765,JFK,BTV,267
1766,CLT,LGA,544
1767,JFK,BDL,106
1768,JFK,CVG,589
1769,LGA,CVG,585
1770,PHL,JFK,94
1771,LGA,SAV,722
1772,SAV,LGA,722
1773,GSO,LGA,461
1774,DAB,LGA,896
1775,BTV,JFK,267
1776,LGA,GSO,461
1777,JAN,CVG,555
1778,BNA,BOS,943
1779,JFK,PWM,274
1780,JFK,CLE,425
1781,DCA,HSV,613
1782,IAD,DCA,24
1783,ATL,BTR,449
1784,DAY,ATL,432
1785,ATL,CMH,446
1786,GSP,MCO,449
1787,MCO,GSP,449
1788,DCA,BOS,399
1789,RSW,CMH,930
1790,CVG,RIC,413
1791,CMH,RSW,930
1792,CVG,ORF,485
1793,BOS,DCA,399
1794,CVG,HSV,325
1795,JFK,ORF,289
1796,CVG,FSD,701
1797,CHS,LGA,641
1798,PVD,CVG,722
1799,CVG,PVD,722
1800,CVG,HPN,597
1801,BHM,LGA,866
1802,CVG,ALB,623
1803,ATL,MHT,952
1804,IAD,CVG,388
1805,CVG,IAD,388
1806,SGF,ATL,563
1807,CVG,SAT,1024
1808,MHT,CVG,741
1809,FWA,ATL,508
1810,ATL,FWA,508
1811,ATW,CVG,411
1812,JAX,LGA,834
1813,ATL,DAY,432
1814,MEM,CVG,403
1815,CVG,OMA,614
1816,CVG,MHT,741
1817,CMH,BOS,640
1818,MHT,ATL,952
1819,JFK,ATL,760
1820,BOS,CVG,752
1821,VPS,CVG,608
1822,JFK,DTW,508
1823,JAX,CVG,614
1824,ATL,JFK,760
1825,ATL,PHL,665
1826,GSO,BOS,645
1827,CID,CVG,419
1828,CLE,JFK,425
1829,ATL,SGF,563
1830,CVG,RSW,879
1831,SAV,CVG,515
1832,CVG,TRI,216
1833,ATL,MDW,590
1834,GSO,ATL,306
1835,LGA,BHM,866
1836,SDF,ATL,321
1837,CVG,DCA,411
1838,RSW,CVG,879
1839,SAT,CVG,1024
1840,ATL,ABE,692
1841,RDU,ATL,356
1842,BOS,CHS,818
1843,BHM,CVG,396
1844,MDW,ATL,590
1845,JFK,RIC,288
1846,OKC,CVG,756
1847,BWI,JFK,184
1848,GSO,CVG,330
1849,CVG,SAV,515
1850,JFK,CMH,483
1851,PIT,JFK,340
1852,TYS,CVG,226
1853,BOS,JAX,1011
1854,CRW,CVG,173
1855,CVG,CRW,173
1856,CVG,ATW,411
1857,CVG,MSY,700
1858,CVG,LAN,258
1859,PHL,BOS,280
1860,JFK,SYR,209
1861,ABE,ATL,692
1862,LGA,MSY,1183
1863,CVG,CHA,278
1864,LEX,DCA,414
1865,ABE,CVG,503
1866,TYS,LGA,647
1867,CVG,CLT,335
1868,ATL,AUS,813
1869,CVG,JAN,555
1870,CVG,BTV,702
1871,JFK,STL,892
1872,CHA,CVG,278
1873,JFK,IND,664
1874,CLE,CVG,221
1875,MDT,ATL,619
1876,CVG,MDT,429
1877,MDT,CVG,429
1878,MSY,LGA,1183
1879,CVG,GRB,416
1880,GRB,CVG,416
1881,ROA,CLT,155
1882,CAE,CVG,404
1883,CVG,CAE,404
1884,ABE,JFK,87
1885,RIC,JFK,288
1886,ORF,BOS,468
1887,GSP,LGA,610
1888,LGA,HSV,823
1889,AUS,CVG,958
1890,CMH,ATL,446
1891,COS,CVG,1078
1892,CLT,CVG,335
1893,CVG,ABE,503
1894,BOS,ORF,468
1895,SYR,JFK,209
1896,BOS,SAV,901
1897,JAX,BOS,1011
1898,CHS,BOS,818
1899,ALB,JFK,145
1900,LEX,LGA,604
1901,BOS,BGR,201
1902,SDF,BOS,829
1903,FLL,CVG,932
1904,ATL,CVG,373
1905,PHL,ATL,665
1906,AUS,ATL,813
1907,BOS,SDF,829
1908,ORF,CVG,485
1909,MSY,CVG,700
1910,BOS,CMH,640
1911,BGR,BOS,201
1912,HSV,LGA,823
1913,SGF,CVG,491
1914,TYS,AUS,882
1915,SAV,BOS,901
1916,DTW,ORD,235
1917,TRI,CVG,216
1918,LEX,ATL,303
1919,BHM,AUS,682
1920,PVD,JFK,144
1921,LAN,CVG,258
1922,PVD,BOS,49
1923,ATL,BHM,134
1924,DEN,CVG,1069
1925,ATL,MSP,906
1926,BNA,ATL,214
1927,ATL,GSP,153
1928,ATL,BUF,712
1929,BUF,ATL,712
1930,ATL,BNA,214
1931,MKE,MSP,297
1932,MSP,MKE,297
1933,MCI,SAT,706
1934,PIT,MKE,431
1935,MKE,BDL,780
1936,BDL,MKE,780
1937,MKE,MSN,74
1938,PHL,MKE,690
1939,MKE,PHL,690
1940,MKE,PIT,431
1941,MCI,CMH,633
1942,MSN,MKE,74
1943,MKE,OMA,426
1944,MCI,MSN,386
1945,MKE,RDU,689
1946,RDU,MKE,689
1947,MKE,BWI,641
1948,BWI,MKE,641
1949,COS,MCI,538
1950,SUN,SLC,223
1951,SLC,SUN,223
1952,SGU,SLC,269
1953,SLC,SGU,269
1954,CPR,SLC,320
1955,SLC,CPR,320
1956,SLC,TWF,175
1957,SLC,YUM,580
1958,DRO,SLC,338
1959,SLC,SBA,615
1960,SLC,ELP,693
1961,SLC,TUS,601
1962,SLE,SLC,628
1963,SLC,IDA,188
1964,SLC,OMA,839
1965,MSO,SLC,436
1966,SLC,MSO,436
1967,SLC,BZN,347
1968,SLC,RAP,508
1969,BZN,SLC,347
1970,SJC,SLC,585
1971,SLC,SJC,585
1972,SLC,YKM,586
1973,YKM,SLC,586
1974,SLC,DRO,338
1975,SLC,FAT,501
1976,SLC,SLE,628
1977,TUS,SLC,601
1978,SLC,MRY,607
1979,SLC,SMF,532
1980,SMF,SLC,532
1981,SLC,HLN,402
1982,SLC,LWS,461
1983,SLC,GTF,463
1984,GTF,SLC,463
1985,BIL,SLC,387
1986,SLC,BIL,387
1987,SLC,BTM,357
1988,SLC,BUR,574
1989,SLC,PSP,541
1990,PSP,SLC,541
1991,TUL,SLC,926
1992,SLC,LGB,589
1993,SLC,TUL,926
1994,GJT,SLC,217
1995,OMA,SLC,839
1996,SLC,COS,410
1997,BUR,SLC,574
1998,ATL,MEM,332
1999,MKE,SLC,1246
2000,SLC,JAC,205
2001,SLC,ASE,291
2002,SFO,SLC,599
2003,BHM,SLC,1472
2004,SLC,SFO,599
2005,SLC,CMH,1529
2006,CMH,SLC,1529
2007,SLC,FCA,532
2008,HDN,SLC,251
2009,SLC,CLE,1565
2010,BNA,SLC,1403
2011,SLC,PSC,521
2012,DFW,SLC,988
2013,ASE,SLC,291
2014,MSP,SLC,991
2015,SLC,BNA,1403
2016,JAC,SLC,205
2017,SLC,AUS,1085
2018,SLC,DFW,988
2019,SLC,MKE,1246
2020,SLC,LIT,1156
2021,CLE,SLC,1565
2022,SLC,SAN,626
2023,SAN,SLC,626
2024,LAX,SAN,109
2025,SAN,LAX,109
2026,BFL,LAX,109
2027,ONT,LAX,47
2028,LAX,PSP,110
2029,LAX,ONT,47
2030,LAX,SNA,36
2031,SNA,LAX,36
2032,SFO,ACV,250
2033,SFO,SBA,262
2034,SFO,SBP,191
2035,SBP,LAX,155
2036,FAT,LAX,209
2037,SMF,SFO,86
2038,SFO,SMF,86
2039,SFO,RDD,199
2040,SBA,SFO,262
2041,LAX,FAT,209
2042,EUG,PDX,106
2043,PDX,EUG,106
2044,LAX,SGU,348
2045,YUM,IPL,58
2046,MOD,SFO,78
2047,SFO,MOD,78
2048,LAX,CLD,86
2049,LAX,MOD,292
2050,MOD,LAX,292
2051,LEX,ORD,323
2052,ORD,LEX,323
2053,BTV,ORD,763
2054,ORD,BTV,763
2055,OMA,ORD,416
2056,ORD,SDF,286
2057,SDF,ORD,286
2058,DEN,FCA,753
2059,MKE,ORD,67
2060,DFW,ORD,802
2061,ASE,LAX,737
2062,MEM,ORD,491
2063,FAR,DEN,627
2064,LAX,ASE,737
2065,ASE,ORD,1013
2066,BOI,ORD,1437
2067,ORD,PIA,130
2068,XNA,ORD,522
2069,SFO,BUR,326
2070,ORD,ASE,1013
2071,DEN,LNK,423
2072,DEN,BZN,525
2073,DEN,GUC,152
2074,GUC,DEN,152
2075,BZN,ORD,1186
2076,ORD,BOI,1437
2077,AZO,ORD,122
2078,ORD,AZO,122
2079,AUS,ORD,978
2080,BHM,DEN,1082
2081,ORD,TUL,585
2082,TUL,ORD,585
2083,SFO,PSP,421
2084,CRW,ORD,416
2085,ORD,CRW,416
2086,ORD,TYS,475
2087,TYS,ORD,475
2088,FAR,ORD,557
2089,ORD,FAR,557
2090,ICT,ORD,588
2091,ORD,MEM,491
2092,PIA,ORD,130
2093,DEN,MSN,826
2094,IND,ORD,177
2095,HDN,ORD,1009
2096,ORD,XNA,522
2097,SGF,ORD,438
2098,ORD,MLI,139
2099,MLI,DEN,751
2100,ORD,OMA,416
2101,RNO,SFO,192
2102,ORD,MKE,67
2103,PSP,DEN,776
2104,DEN,PIA,793
2105,MLI,ORD,139
2106,DEN,SGF,637
2107,LAX,DFW,1235
2108,BUR,SFO,326
2109,DAY,DEN,1084
2110,DEN,DAY,1084
2111,SFO,EUG,451
2112,BOI,SFO,522
2113,SFO,ONT,363
2114,LNK,DEN,423
2115,SFO,TUS,751
2116,PSP,SFO,421
2117,ONT,SFO,363
2118,EUG,SFO,451
2119,SFO,BOI,522
2120,FCA,DEN,753
2121,SFO,PMD,316
2122,ABQ,SFO,896
2123,SFO,ABQ,896
2124,LAX,COS,833
2125,ORD,SLC,1249
2126,LNK,ORD,466
2127,BZN,DEN,525
2128,ORD,SGF,438
2129,COS,LAX,833
2130,BUR,DEN,850
2131,IDA,DEN,458
2132,DEN,IDA,458
2133,BIS,DEN,517
2134,DEN,BIS,517
2135,MKE,DEN,895
2136,SFO,RNO,192
2137,DEN,GTF,624
2138,FSD,DEN,483
2139,DEN,HSV,1048
2140,HSV,DEN,1048
2141,ORD,LNK,466
2142,BIL,DEN,455
2143,DEN,MEM,872
2144,DEN,BIL,455
2145,DEN,TYS,1162
2146,DEN,MFR,964
2147,MFR,DEN,964
2148,MEM,DEN,872
2149,DEN,BHM,1082
2150,DEN,BOI,649
2151,GTF,DEN,624
2152,DEN,MLI,751
2153,DEN,BUR,850
2154,DEN,SBA,916
2155,TUS,DEN,639
2156,DEN,EUG,997
2157,CID,DEN,692
2158,FAT,DEN,844
2159,DEN,ELP,563
2160,ELP,DEN,563
2161,DEN,MSO,679
2162,MSO,DEN,679
2163,PSC,DEN,853
2164,DEN,PSC,853
2165,BOI,DEN,649
2166,DEN,MKE,895
2167,DEN,TUS,639
2168,SBA,DEN,916
2169,MKE,ATL,669
2170,XNA,ATL,589
2171,MCI,PIT,773
2172,MKE,CMH,331
2173,CMH,MCI,633
2174,OMA,MKE,426
2175,MKE,CLT,651
2176,MCI,COS,538
2177,SLC,PIH,150
2178,SLC,EKO,200
2179,COD,SLC,298
2180,SLC,COD,298
2181,TWF,SLC,175
2182,PSC,SLC,521
2183,IDA,SLC,188
2184,COS,ATL,1185
2185,SLC,GJT,217
2186,FCA,SLC,532
2187,ATL,XNA,589
2188,FAT,SLC,501
2189,RAP,SLC,508
2190,YUM,SLC,580
2191,SLC,RDM,526
2192,RDM,SLC,526
2193,SLC,SBP,608
2194,ATL,MKE,669
2195,SLC,BLI,757
2196,SBP,SLC,608
2197,SLC,BFL,534
2198,LGB,SLC,589
2199,COS,SLC,410
2200,HLN,SLC,402
2201,MEM,ATL,332
2202,SLC,SNA,588
2203,SNA,SLC,588
2204,SLC,SAT,1086
2205,SAT,SLC,1086
2206,SLC,MSP,991
2207,SLC,BHM,1472
2208,AUS,SLC,1085
2209,SLC,HDN,251
2210,LIT,SLC,1156
2211,MTJ,SLC,268
2212,SLC,MTJ,268
2213,LAX,BFL,109
2214,LAX,MRY,267
2215,LAX,SBA,89
2216,PSP,LAX,110
2217,SBP,SFO,191
2218,MRY,SFO,77
2219,SFO,MRY,77
2220,LAX,SBP,155
2221,SFO,MFR,329
2222,BFL,SFO,238
2223,SFO,BFL,238
2224,RDD,SFO,199
2225,MFR,SFO,329
2226,LAX,IYK,123
2227,FAT,SFO,158
2228,SBA,LAX,89
2229,SFO,FAT,158
2230,SFO,RDM,462
2231,RDM,SFO,462
2232,CLD,LAX,86
2233,SEA,PDX,129
2234,PDX,RDM,116
2235,RDM,PDX,116
2236,PDX,SEA,129
2237,SMF,ACV,207
2238,DEN,PSP,776
2239,ORD,HDN,1009
2240,ORD,DFW,802
2241,ORD,IND,177
2242,TUL,DEN,541
2243,HPN,ORD,738
2244,ORD,ICT,588
2245,DFW,LAX,1235
2246,COS,SFO,963
2247,SFO,SNA,372
2248,DEN,TUL,541
2249,DEN,CID,692
2250,ORD,BZN,1186
2251,XNA,DEN,616
2252,DEN,XNA,616
2253,SGF,DEN,637
2254,MRY,DEN,960
2255,TYS,DEN,1162
2256,ATL,COS,1185
2257,MSP,ATL,906
2258,SAT,MCI,706
2259,PIT,MCI,773
2260,CMH,MKE,331
2261,MSN,MCI,386
2262,PIH,SLC,150
2263,EKO,SLC,200
2264,DSM,SLC,955
2265,LWS,SLC,461
2266,HOU,ATL,696
2267,SLC,XNA,1004
2268,SLC,FAR,865
2269,GSP,ATL,153
2270,MRY,LAX,267
2271,LAX,SMX,135
2272,SMX,LAX,135
2273,ACV,SFO,250
2274,OXR,LAX,49
2275,SJC,SBA,234
2276,PDX,MFR,222
2277,CEC,ACV,56
2278,SFO,CEC,304
2279,CIC,SFO,153
2280,SFO,CIC,153
2281,LAX,YUM,237
2282,MFR,PDX,222
2283,CEC,SFO,304
2284,GRR,DEN,1014
2285,DEN,ICT,419
2286,DEN,FAT,844
2287,SNA,SFO,372
2288,SFO,COS,963
2289,PMD,SFO,316
2290,DEN,CLE,1201
2291,EUG,DEN,997
2292,RFD,DEN,829
2293,DEN,FAR,627
2294,BTM,SLC,357
2295,FAR,SLC,865
2296,BFL,SLC,534
2297,SBA,SLC,615
2298,SLC,MSY,1428
2299,IYK,LAX,123
2300,LAX,OXR,49
2301,SGU,LAX,348
2302,YUM,LAX,237
2303,IPL,LAX,181
2304,IPL,YUM,58
2305,LAX,IPL,181
2306,DEN,RFD,829
2307,RDD,SMF,131
2308,ASE,SFO,848
2309,SFO,ASE,848
2310,ATL,HOU,696
2311,MFR,SLC,575
2312,ELP,SLC,693
2313,MRY,SLC,607
2314,SLC,MFR,575
2315,BLI,SLC,757
2316,SLC,PIT,1659
2317,DTW,SLC,1481
2318,SLC,DTW,1481
2319,SLC,ORD,1249
2320,PIT,SLC,1659
2321,SBA,SJC,234
2322,ACV,SMF,207
2323,ACV,CEC,56
2324,DEN,BFL,845
2325,DAY,ORD,240
2326,ORD,DAY,240
2327,DEN,FSD,483
2328,SFO,BZN,807
2329,BZN,SFO,807
2330,LAX,MTJ,666
2331,SLC,DSM,955
2332,ATL,MTJ,1352
2333,MTJ,ATL,1352
2334,SLC,FSD,804
2335,FSD,SLC,804
2336,MSY,SLC,1428
2337,DEN,GRR,1014
2338,ICT,DEN,419
2339,ORD,DTW,235
2340,ORD,HPN,738
2341,DEN,OMA,472
2342,DEN,IAH,861
2343,SLC,CDC,221
2344,CDC,SLC,221
2345,GJT,ORD,1100
2346,DEN,MRY,960
2347,ATL,STL,483
2348,STL,ATL,483
2349,MTJ,LAX,666
2350,DEN,DSM,589
2351,TUS,SFO,751
2352,CLT,MKE,651
2353,XNA,LEX,549
2354,BUR,TUS,453
2355,MFR,MOD,343
2356,PIA,DEN,793
2357,SMF,SBA,310
2358,BOI,PIT,1849
2359,ORD,HNL,4243
2360,HNL,ORD,4243
2361,KOA,ORD,4213
2362,OGG,KOA,84
2363,ORD,OGG,4184
2364,SFO,JFK,2586
2365,JFK,SFO,2586
2366,ORD,JAC,1162
2367,LAX,JFK,2475
2368,JFK,LAX,2475
2369,DEN,SFO,967
2370,SFO,OGG,2338
2371,OGG,SFO,2338
2372,MCO,SFO,2445
2373,SEA,ORD,1721
2374,SFO,LIH,2447
2375,HNL,DEN,3365
2376,CLT,DEN,1337
2377,DEN,HNL,3365
2378,LAX,IAD,2288
2379,OGG,LAX,2486
2380,LAX,OGG,2486
2381,IAD,LAX,2288
2382,DEN,SJC,948
2383,KOA,SFO,2367
2384,SFO,EWR,2565
2385,LAX,KOA,2504
2386,SFO,ORD,1846
2387,SEA,SFO,679
2388,SFO,KOA,2367
2389,KOA,LAX,2504
2390,LIH,SFO,2447
2391,SFO,SEA,679
2392,MSP,DEN,680
2393,LAX,MCO,2217
2394,LIH,LAX,2615
2395,LAX,LIH,2615
2396,LAX,ORD,1745
2397,OGG,DEN,3303
2398,DEN,OGG,3303
2399,HNL,SFO,2398
2400,SFO,HNL,2398
2401,SFO,IAD,2419
2402,PDX,SFO,550
2403,LAX,HNL,2556
2404,HNL,LAX,2556
2405,ORD,DEN,888
2406,EWR,SFO,2565
2407,EWR,LAX,2454
2408,LAX,EWR,2454
2409,DEN,SAN,853
2410,PHL,DEN,1557
2411,SJC,DEN,948
2412,ORD,LAX,1745
2413,OMA,DEN,472
2414,DEN,BOS,1754
2415,ORD,ALB,723
2416,LGA,ORD,733
2417,OAK,IAD,2408
2418,IAD,ORD,589
2419,JAX,ORD,865
2420,ORD,SEA,1721
2421,ORD,MSP,334
2422,SMF,ORD,1781
2423,OAK,ORD,1835
2424,ORD,JAX,865
2425,STL,DEN,770
2426,ORD,PHL,678
2427,RIC,ORD,642
2428,ORD,SFO,1846
2429,MSP,ORD,334
2430,ATL,SFO,2139
2431,BOS,DEN,1754
2432,DEN,IAD,1452
2433,SAN,ORD,1723
2434,DEN,SNA,846
2435,ORD,OAK,1835
2436,LAX,BOS,2611
2437,BOS,LAX,2611
2438,CMH,ORD,296
2439,SFO,BOS,2704
2440,BOS,SFO,2704
2441,ORD,RIC,642
2442,DEN,PIT,1290
2443,SFO,PHL,2521
2444,PHL,SFO,2521
2445,IAD,SFO,2419
2446,LAX,PHL,2401
2447,PHL,LAX,2401
2448,IAD,SEA,2306
2449,BWI,ORD,622
2450,ORD,BOS,867
2451,PHL,ORD,678
2452,PDX,IAD,2327
2453,DEN,CMH,1155
2454,SEA,IAD,2306
2455,PDX,DEN,992
2456,IAD,PDX,2327
2457,MSY,IAD,954
2458,SMF,IAD,2358
2459,IAD,SAN,2253
2460,ALB,ORD,723
2461,SAN,IAD,2253
2462,SJC,IAD,2400
2463,IAD,SJC,2400
2464,ORD,PVD,849
2465,DEN,ORD,888
2466,DEN,DFW,641
2467,DEN,STL,770
2468,SNA,DEN,846
2469,BOS,ORD,867
2470,MSY,ORD,837
2471,SAT,SFO,1482
2472,DEN,PHL,1557
2473,JAC,DEN,406
2474,ORD,IAD,589
2475,PIT,DEN,1290
2476,MCO,LAX,2217
2477,SFO,SAT,1482
2478,BWI,LAX,2329
2479,LAX,BWI,2329
2480,SFO,ATL,2139
2481,PVD,ORD,849
2482,IAD,OAK,2408
2483,IAD,SMF,2358
2484,SFO,MCO,2445
2485,SFO,BWI,2457
2486,BWI,SFO,2457
2487,IAD,DEN,1452
2488,IND,DEN,977
2489,CMH,DEN,1155
2490,LGA,DEN,1619
2491,DFW,DEN,641
2492,SFO,DEN,967
2493,ORD,PDX,1739
2494,ORD,CMH,296
2495,ORD,BWI,622
2496,SFO,PDX,550
2497,ORD,SAN,1723
2498,DEN,PDX,992
2499,ORD,SJC,1829
2500,GEG,ORD,1498
2501,DEN,LGA,1619
2502,LAX,MSY,1671
2503,ORD,MSY,837
2504,DEN,JAC,406
2505,DTW,DEN,1123
2506,SAN,DEN,853
2507,DEN,MSP,680
2508,ORD,SNA,1726
2509,ATL,DEN,1199
2510,JAC,ORD,1162
2511,SFO,AUS,1504
2512,DEN,SMF,910
2513,IAH,SFO,1635
2514,SFO,IAH,1635
2515,ORD,SMF,1781
2516,DEN,CLT,1337
2517,DEN,EWR,1605
2518,DEN,IND,977
2519,GEG,DEN,836
2520,SNA,ORD,1726
2521,SMF,DEN,910
2522,SFO,DFW,1464
2523,PDX,ORD,1739
2524,MSY,LAX,1671
2525,IAD,MSY,954
2526,DEN,DCA,1476
2527,SJC,ORD,1829
2528,ORD,GEG,1498
2529,EWR,DEN,1605
2530,DFW,SFO,1464
2531,RDU,DEN,1436
2532,DEN,DTW,1123
2533,ORD,LGA,733
2534,ORD,DCA,612
2535,DCA,ORD,612
2536,ORD,STL,258
2537,AUS,SFO,1504
2538,DCA,DEN,1476
2539,DEN,GEG,836
2540,ABQ,IAD,1628
2541,IAD,ABQ,1628
2542,DEN,RDU,1436
2543,PHX,IAD,1956
2544,IAD,PHX,1956
2545,IAD,STT,1605
2546,SJU,IAD,1571
2547,STT,SJU,68
2548,LAX,JAC,784
2549,JAC,LAX,784
2550,MCO,ORD,1005
2551,ORD,MCO,1005
2552,ORD,FLL,1182
2553,LIH,DEN,3414
2554,FLL,ORD,1182
2555,SEA,HNL,2677
2556,KOA,DEN,3329
2557,DEN,KOA,3329
2558,SAN,HNL,2614
2559,HNL,SAN,2614
2560,SJU,ORD,2072
2561,ORD,STT,2116
2562,IAD,MIA,921
2563,MIA,IAD,921
2564,PBI,ORD,1144
2565,ORD,PBI,1144
2566,TPA,ORD,1012
2567,ORD,TPA,1012
2568,PHX,ORD,1440
2569,RNO,DEN,804
2570,ONT,DEN,819
2571,DEN,FLL,1703
2572,DEN,ONT,819
2573,PHX,SFO,651
2574,DEN,MIA,1709
2575,MSY,DEN,1062
2576,DEN,MSY,1062
2577,IAD,FLL,901
2578,MIA,DEN,1709
2579,LAS,ORD,1515
2580,ORD,LAS,1515
2581,DEN,RNO,804
2582,FLL,DEN,1703
2583,ORD,PHX,1440
2584,SFO,PHX,651
2585,FLL,IAD,901
2586,IAD,SJU,1571
2587,ORD,SJU,2072
2588,ANC,PHX,2551
2589,ATL,LAS,1747
2590,ATL,PHX,1587
2591,BOS,CLT,728
2592,BOS,LAS,2381
2593,BUF,DCA,296
2594,CLT,ABE,481
2595,CLT,BOS,728
2596,CLT,DCA,331
2597,CLT,FLL,631
2598,CLT,LAS,1916
2599,CLT,LAX,2125
2600,CLT,MCO,468
2601,CLT,MHT,737
2602,CLT,MIA,650
2603,CLT,MSP,930
2604,CLT,MSY,651
2605,CLT,PBI,590
2606,CLT,PHL,448
2607,CLT,PHX,1774
2608,CLT,ROC,573
2609,CLT,RSW,600
2610,CLT,SAN,2077
2611,CLT,SEA,2279
2612,CLT,SFO,2296
2613,CLT,SJU,1474
2614,CLT,STT,1520
2615,CLT,TPA,508
2616,DCA,BDL,313
2617,DCA,BUF,296
2618,DCA,CLT,331
2619,DCA,FLL,899
2620,DCA,LAS,2089
2621,DCA,LGA,214
2622,DCA,MCO,759
2623,DCA,PBI,857
2624,DCA,PHX,1979
2625,DCA,SYR,298
2626,DCA,TPA,814
2627,DFW,PHL,1302
2628,DFW,PHX,868
2629,EWR,LAS,2227
2630,FLL,DCA,899
2631,GEG,PHX,1020
2632,HNL,PHX,2917
2633,JAX,DCA,634
2634,JFK,LAS,2248
2635,JFK,PHX,2153
2636,KOA,PHX,2860
2637,LAS,ATL,1747
2638,LAS,BOS,2381
2639,LAS,CLT,1916
2640,LAS,EWR,2227
2641,LAS,FLL,2174
2642,LAS,JFK,2248
2643,LAS,MSP,1300
2644,LAX,CLT,2125
2645,LAX,PIT,2136
2646,LGA,PIT,335
2647,MCO,CLT,468
2648,MCO,DCA,759
2649,MHT,CLT,737
2650,MIA,CLT,650
2651,MSP,PHX,1276
2652,MSY,PHL,1088
2653,OGG,PHX,2845
2654,PBI,CLT,590
2655,PBI,DCA,857
2656,PBI,LAS,2158
2657,PBI,PIT,952
2658,PHL,BWI,90
2659,PHL,CLT,448
2660,PHL,DFW,1302
2661,PHL,RIC,198
2662,PHL,SEA,2378
2663,PHL,SJU,1576
2664,PHL,SYR,228
2665,PHX,ANC,2551
2666,PHX,ATL,1587
2667,PHX,BOS,2300
2668,PHX,CLE,1737
2669,PHX,CLT,1774
2670,PHX,DCA,1979
2671,PHX,DFW,868
2672,PHX,FLL,1972
2673,PHX,GEG,1020
2674,PHX,HNL,2917
2675,PHX,KOA,2860
2676,PHX,MSP,1276
2677,RIC,PHL,198
2678,RSW,CLT,600
2679,SAN,CLT,2077
2680,SEA,CLT,2279
2681,SFO,CLT,2296
2682,SJU,CLT,1474
2683,SJU,PHL,1576
2684,STT,CLT,1520
2685,TPA,CLT,508
2686,TPA,DCA,814
2687,ANC,LAS,2304
2688,BDL,DCA,313
2689,BOS,LGA,185
2690,BOS,PHX,2300
2691,BOS,PIT,496
2692,BOS,SJU,1674
2693,BUF,PHL,279
2694,CLE,PHX,1737
2695,DCA,JAX,634
2696,DFW,LAS,1055
2697,DTW,LAS,1750
2698,EWR,PHX,2133
2699,FLL,CLT,631
2700,FLL,LAS,2174
2701,FLL,PHX,1972
2702,FLL,PIT,994
2703,LAS,ANC,2304
2704,LAS,DFW,1055
2705,LAS,DTW,1750
2706,LAS,PBI,2158
2707,LIH,PHX,2979
2708,MIA,PHL,1013
2709,MKE,PHX,1460
2710,PHL,BDL,196
2711,PHL,BUF,279
2712,PHL,DCA,119
2713,PHL,IND,587
2714,PHL,MIA,1013
2715,PHL,SAN,2369
2716,PHL,STT,1605
2717,PHX,EWR,2133
2718,PHX,JFK,2153
2719,PHX,LIH,2979
2720,PHX,OGG,2845
2721,PIT,LAX,2136
2722,PIT,RSW,966
2723,PIT,SFO,2254
2724,RSW,DCA,892
2725,SAN,PHL,2369
2726,SFO,PIT,2254
2727,SJU,BOS,1674
2728,ALB,DCA,318
2729,BWI,PHL,90
2730,DCA,PVD,357
2731,LAS,DCA,2089
2732,LGA,DCA,214
2733,MHT,DCA,407
2734,MSP,LAS,1300
2735,PHL,DTW,453
2736,PHL,MSY,1088
2737,PHL,PDX,2406
2738,PHX,BOI,735
2739,STT,PHL,1605
2740,BOI,PHX,735
2741,DCA,ALB,318
2742,LAS,MIA,2175
2743,RSW,PIT,966
2744,ALB,PHL,212
2745,BDL,PHX,2213
2746,CLT,EGE,1455
2747,DCA,RSW,892
2748,EGE,CLT,1455
2749,LGA,BOS,185
2750,PHX,MKE,1460
2751,SEA,PHL,2378
2752,STX,CLT,1562
2753,DCA,MHT,407
2754,DCA,MSY,969
2755,PIT,FLL,994
2756,MSY,DCA,969
2757,SYR,PHL,228
2758,BDL,PHL,196
2759,PHL,ORF,211
2760,PIT,LGA,335
2761,PVD,DCA,357
2762,DCA,PIT,205
2763,SYR,DCA,298
2764,PHL,ALB,212
2765,PHX,BDL,2213
2766,CLT,STX,1562
2767,MIA,PIT,1013
2768,DTW,PHL,453
2769,PIT,BOS,496
2770,BWI,ATL,576
2771,ATL,MIA,595
2772,ATL,LAX,1946
2773,LGA,RSW,1080
2774,HSV,ATL,151
2775,MLB,ATL,443
2776,ATL,RDU,356
2777,BDL,ATL,859
2778,ATL,JAX,270
2779,PIT,ATL,526
2780,SAT,ATL,874
2781,ATL,ORF,516
2782,ATL,EGE,1312
2783,EWR,SLC,1968
2784,RSW,ATL,515
2785,ATL,BWI,576
2786,HNL,SLC,2994
2787,TPA,JFK,1005
2788,ATL,TYS,152
2789,TPA,BOS,1185
2790,BOS,TPA,1185
2791,PBI,LGA,1035
2792,ATL,TPA,406
2793,MCO,ATL,403
2794,LAX,ATL,1946
2795,FLL,JFK,1069
2796,ATL,SAT,874
2797,CVG,ATL,373
2798,ATL,DCA,547
2799,DCA,ATL,547
2800,ATL,DFW,732
2801,ATL,SJU,1547
2802,ATL,STT,1599
2803,ATL,LGA,761
2804,LGA,ATL,761
2805,ATL,SEA,2182
2806,ATL,FLL,581
2807,ATL,SLC,1589
2808,PHL,SLC,1926
2809,ATL,SRQ,445
2810,ATL,BOS,946
2811,ATL,SAV,215
2812,SEA,ATL,2182
2813,CVG,LAS,1678
2814,SAN,CVG,1865
2815,ANC,SLC,2125
2816,ATL,ELP,1282
2817,DFW,ATL,732
2818,JFK,SJU,1597
2819,BOS,FLL,1237
2820,ATL,MCO,403
2821,ATL,MCI,692
2822,ATL,RSW,515
2823,MIA,ATL,595
2824,ATL,OAK,2130
2825,FLL,BOS,1237
2826,ATL,BDL,859
2827,ATL,LIT,453
2828,TPA,SLC,1887
2829,ATL,RIC,481
2830,LAX,CVG,1900
2831,ATL,PBI,545
2832,IND,ATL,432
2833,OAK,ATL,2130
2834,MSY,ATL,425
2835,ATL,ROC,749
2836,SLC,BOS,2105
2837,ATL,JAN,341
2838,ATL,PIT,526
2839,ATL,MSY,425
2840,PBI,ATL,545
2841,TPA,LAX,2158
2842,JAX,ATL,270
2843,ATL,CHS,259
2844,ATL,GPT,352
2845,ATL,PNS,272
2846,ATL,HSV,151
2847,ATL,CAE,191
2848,VPS,ATL,264
2849,SAV,ATL,215
2850,TPA,ATL,406
2851,ATL,HDN,1340
2852,BOS,SLC,2105
2853,SLC,PHL,1926
2854,ATL,MLB,443
2855,JFK,FLL,1069
2856,JFK,MCO,944
2857,SFO,CVG,2036
2858,SLC,CVG,1449
2859,MCO,JFK,944
2860,JFK,TPA,1005
2861,SLC,JFK,1989
2862,JFK,SAN,2446
2863,SLC,ATL,1589
2864,MCI,ATL,692
2865,CVG,SAN,1865
2866,DCA,SLC,1851
2867,ATL,MOB,302
2868,ATL,SMF,2092
2869,SRQ,ATL,445
2870,ATL,TUS,1541
2871,BOS,MCO,1121
2872,BOS,ATL,946
2873,LAS,CVG,1678
2874,ORF,ATL,516
2875,CVG,SEA,1964
2876,ATL,IND,432
2877,CVG,SLC,1449
2878,SLC,FLL,2083
2879,ATL,DTW,594
2880,HNL,ATL,4502
2881,ATL,HNL,4502
2882,ELP,ATL,1282
2883,ATL,ONT,1900
2884,TUS,ATL,1541
2885,PNS,ATL,272
2886,ABQ,CVG,1240
2887,ONT,ATL,1900
2888,CLT,SLC,1727
2889,CVG,LAX,1900
2890,DAB,ATL,366
2891,ATL,DAB,366
2892,ATL,SAN,1891
2893,MCO,BOS,1121
2894,FLL,ATL,581
2895,ATL,PHF,508
2896,LIT,ATL,453
2897,SAN,ATL,1891
2898,CAE,ATL,191
2899,RNO,ATL,1993
2900,CVG,MCO,756
2901,BHM,ATL,134
2902,CVG,SFO,2036
2903,CHS,ATL,259
2904,RSW,BDL,1180
2905,SLC,MCO,1929
2906,RIC,ATL,481
2907,DTW,ATL,594
2908,ATL,PDX,2172
2909,ABQ,ATL,1269
2910,ATL,SNA,1919
2911,BDL,FLL,1173
2912,LAX,BDL,2527
2913,ATL,RNO,1993
2914,ATL,ABQ,1269
2915,ATL,JAC,1572
2916,JAC,ATL,1572
2917,CVG,PHX,1569
2918,JFK,SLC,1989
2919,GPT,ATL,352
2920,TYS,ATL,152
2921,SLC,EWR,1968
2922,ATL,VPS,264
2923,SMF,ATL,2092
2924,MCO,CVG,756
2925,ATL,TLH,223
2926,HDN,ATL,1340
2927,SNA,ATL,1919
2928,FLL,LGA,1076
2929,PHX,CVG,1569
2930,LAX,FLL,2342
2931,SLC,HNL,2994
2932,PBI,BOS,1197
2933,LGA,FLL,1076
2934,MCO,LGA,950
2935,LGA,MCO,950
2936,LGA,TPA,1011
2937,TPA,LGA,1011
2938,DEN,JFK,1626
2939,RDU,SLC,1823
2940,SLC,TPA,1887
2941,MCO,SLC,1929
2942,JFK,MIA,1090
2943,IAD,SLC,1827
2944,ATL,SJC,2116
2945,FLL,BDL,1173
2946,BDL,LAX,2527
2947,BDL,PBI,1133
2948,CVG,ABQ,1240
2949,LAX,TPA,2158
2950,BOS,PBI,1197
2951,LGA,PBI,1035
2952,EGE,ATL,1312
2953,STT,ATL,1599
2954,OGG,SLC,2936
2955,STT,JFK,1623
2956,SJU,ATL,1547
2957,SJU,JFK,1597
2958,SJC,ATL,2116
2959,CVG,PDX,1975
2960,PDX,ATL,2172
2961,JFK,HDN,1749
2962,HDN,JFK,1749
2963,BOS,RSW,1249
2964,RSW,BOS,1249
2965,MIA,JFK,1090
2966,SLC,RDU,1823
2967,BDL,RSW,1180
2968,RSW,LGA,1080
2969,PBI,BDL,1133
2970,FLL,LAX,2342
2971,SLC,IAD,1827
2972,SLC,DCA,1851
2973,SLC,CLT,1727
2974,ROC,ATL,749
2975,PDX,CVG,1975
2976,SLC,ANC,2125
2977,SEA,CVG,1964
2978,JAN,ATL,341
2979,SNA,CVG,1877
2980,SAN,JFK,2446
2981,JFK,SEA,2421
2982,SLC,OGG,2936
2983,PHF,ATL,508
2984,SEA,JFK,2421
2985,PDX,JFK,2454
2986,FLL,SLC,2083
2987,TLH,ATL,223
2988,ATL,HPN,780
2989,ATL,MCN,79
2990,ATL,VLD,208
2991,ATL,SBN,566
2992,ATL,PVD,903
2993,ATL,AVL,164
2994,TUL,ATL,674
2995,HPN,ATL,780
2996,MFE,ATL,974
2997,CAK,CVG,214
2998,CVG,CAK,214
2999,ATL,CSG,83
3000,ATL,TRI,227
3001,OKC,ATL,761
3002,ATL,ILM,377
3003,PVD,ATL,903
3004,ATL,SWF,784
3005,ATL,BQK,238
3006,ATL,CRW,363
3007,ATL,BMI,533
3008,ATL,OKC,761
3009,ATL,ICT,781
3010,CRW,ATL,363
3011,ATL,ROA,357
3012,SHV,ATL,552
3013,ATL,OMA,821
3014,MGM,ATL,147
3015,ATL,MYR,317
3016,PFN,ATL,247
3017,CAK,ATL,528
3018,GRR,ATL,640
3019,ATL,CHA,106
3020,CHA,ATL,106
3021,ATL,TUL,674
3022,ATL,MEI,267
3023,FAY,ATL,331
3024,ATL,MGM,147
3025,AGS,ATL,143
3026,ROA,ATL,357
3027,ATL,AVP,714
3028,MOB,ATL,302
3029,ATL,ALB,852
3030,MLI,ATL,633
3031,ATL,FAY,331
3032,ATL,EWN,433
3033,ATL,MLI,633
3034,CVG,AVL,275
3035,ATL,CAK,528
3036,CAE,LGA,617
3037,DCA,JAN,860
3038,ICT,ATL,781
3039,ATL,SCE,615
3040,BGR,ATL,1134
3041,GNV,ATL,300
3042,JAN,DCA,860
3043,ABY,ATL,146
3044,ATL,CRP,876
3045,ATL,LFT,503
3046,ATL,DHN,171
3047,DHN,ATL,171
3048,AVL,ATL,164
3049,EVV,ATL,350
3050,ATL,EYW,646
3051,ATL,MDT,619
3052,FNT,ATL,644
3053,TRI,ATL,227
3054,OAJ,ATL,399
3055,ATL,EVV,350
3056,ATL,SHV,552
3057,ATL,PFN,247
3058,TOL,ATL,549
3059,ATL,GNV,300
3060,PIA,ATL,564
3061,ATW,ATL,765
3062,AEX,ATL,500
3063,OMA,ATL,821
3064,CID,ATL,694
3065,ATL,MSN,707
3066,MSN,ATL,707
3067,SWF,ATL,784
3068,ATL,FNT,644
3069,EWN,ATL,433
3070,ATL,AGS,143
3071,MEI,ATL,267
3072,CRP,ATL,876
3073,ATL,PWM,1027
3074,PWM,ATL,1027
3075,GRK,ATL,803
3076,ATL,ABY,146
3077,ATL,AEX,500
3078,ILM,ATL,377
3079,ATL,GRR,640
3080,ATL,CHO,457
3081,GTR,ATL,241
3082,ALB,ATL,852
3083,ATL,OAJ,399
3084,LFT,ATL,503
3085,LYH,ATL,389
3086,ATL,MFE,974
3087,ATL,ATW,765
3088,HHH,ATL,239
3089,EYW,ATL,646
3090,VLD,ATL,208
3091,MYR,ATL,317
3092,FSD,ATL,954
3093,ATL,FSM,579
3094,ATL,PIA,564
3095,ATL,GRK,803
3096,CSG,ATL,83
3097,GRB,ATL,774
3098,ISP,ATL,795
3099,AVP,ATL,714
3100,ATL,MLU,448
3101,MLU,ATL,448
3102,AVL,CVG,275
3103,ATL,GRB,774
3104,ATL,FLO,273
3105,ATL,HHH,239
3106,ATL,CID,694
3107,HSV,DCA,613
3108,CVG,BTR,693
3109,ATL,TOL,549
3110,ACY,ATL,678
3111,ATL,BTV,960
3112,BTV,ATL,960
3113,FSM,ATL,579
3114,ATL,ISP,795
3115,ATL,LYH,389
3116,ATL,GTR,241
3117,BMI,ATL,533
3118,MCN,ATL,79
3119,CHO,ATL,457
3120,SBN,ATL,566
3121,FLO,ATL,273
3122,BQK,ATL,238
3123,LGA,CAE,617
3124,ATL,ACY,678
3125,ATL,TUP,253
3126,SCE,ATL,615
3127,TUP,ATL,253
3128,ATL,FSD,954
3129,ATL,BGR,1134
3130,FLL,MEM,851
3131,MEM,MCO,683
3132,DEN,RSW,1606
3133,DEN,JAX,1447
3134,PBI,DEN,1679
3135,DEN,CAK,1224
3136,CAK,DEN,1224
3137,MCO,MEM,683
3138,DEN,BDL,1671
3139,RSW,DEN,1606
3140,MEM,FLL,851
3141,BDL,DEN,1671
3142,DEN,SDF,1023
3143,SDF,DEN,1023
3144,JAX,DEN,1447
3145,DEN,PBI,1679
3146,BOS,CAK,549
3147,BWI,DAY,406
3148,BWI,PWM,452
3149,BWI,ROC,277
3150,BWI,SRQ,880
3151,CAK,BOS,549
3152,CAK,LGA,396
3153,CAK,MCO,860
3154,DAY,BWI,406
3155,DAY,TPA,828
3156,FLL,GPT,620
3157,FLL,IND,1005
3158,FNT,MCO,1011
3159,HPN,MCO,972
3160,HPN,PBI,1057
3161,LAS,FNT,1733
3162,LGA,CAK,396
3163,MCO,CAK,860
3164,MCO,DAY,808
3165,MCO,FNT,1011
3166,MCO,HPN,972
3167,MCO,MKE,1066
3168,MCO,MSP,1310
3169,MCO,PHF,662
3170,MCO,PWM,1214
3171,MCO,SWF,989
3172,MDW,CLT,584
3173,MDW,MSP,349
3174,MDW,SRQ,1035
3175,MIA,MDW,1182
3176,MKE,LAS,1524
3177,MKE,MCO,1066
3178,MKE,TPA,1075
3179,MSP,MDW,349
3180,PBI,HPN,1057
3181,PBI,SWF,1077
3182,PWM,MCO,1214
3183,ROC,BWI,277
3184,ROC,MCO,1033
3185,RSW,CAK,991
3186,RSW,IND,946
3187,SRQ,IND,876
3188,TPA,DAY,828
3189,TPA,GPT,429
3190,TPA,MKE,1075
3191,TPA,ROC,1079
3192,TPA,SWF,1048
3193,BOS,PHF,464
3194,CAK,RSW,991
3195,CLT,MDW,584
3196,DAY,MCO,808
3197,DTW,SRQ,1023
3198,FLL,HPN,1098
3199,FLL,PHF,792
3200,FNT,TPA,1036
3201,GPT,FLL,620
3202,HPN,FLL,1098
3203,IND,FLL,1005
3204,IND,RSW,946
3205,LAS,MLI,1377
3206,LGA,PHF,288
3207,MCO,DFW,984
3208,MDW,MIA,1182
3209,MIA,BWI,946
3210,MSP,MCO,1310
3211,PHF,BOS,464
3212,PHF,FLL,792
3213,PHF,LGA,288
3214,SRQ,MDW,1035
3215,CAK,TPA,894
3216,FNT,RSW,1138
3217,HPN,RSW,1102
3218,LAS,BMI,1452
3219,MCO,RIC,667
3220,PWM,BWI,452
3221,ROC,FLL,1184
3222,ROC,LAS,2041
3223,RSW,FNT,1138
3224,SRQ,STL,903
3225,SWF,MCO,989
3226,SWF,PBI,1077
3227,SWF,TPA,1048
3228,BMI,MCO,936
3229,RSW,HPN,1102
3230,FNT,LAS,1733
3231,LAS,MKE,1524
3232,MCO,ROC,1033
3233,MKE,RSW,1183
3234,SAN,MCO,2148
3235,BWI,MIA,946
3236,FLL,ROC,1184
3237,SRQ,DTW,1023
3238,ROC,TPA,1079
3239,STL,SRQ,903
3240,DAY,LAS,1701
3241,CAK,LAS,1846
3242,GPT,TPA,429
3243,SRQ,BWI,880
3244,TPA,CAK,894
3245,IND,SRQ,876
3246,MCO,BMI,936
3247,PHF,MCO,662
3248,MIA,MCI,1252
3249,TPA,FNT,1036
3250,MCI,MIA,1252
3251,MLI,MCO,1036
3252,DFW,MCO,984
3253,LAS,HNL,2762
3254,HNL,LAS,2762
3255,SMF,HNL,2462
3256,HNL,SMF,2462
3257,HNL,SEA,2677
3258,PDX,HNL,2603
3259,HNL,PDX,2603
3260,SEA,OGG,2640
3261,OGG,SEA,2640
3262,SAN,OGG,2541
3263,OGG,SAN,2541
3264,PDX,OGG,2562
3265,OGG,PDX,2562
3266,SJC,HNL,2416
3267,HNL,SJC,2416
3268,KOA,OGG,84
3269,LIH,OGG,202
3270,XNA,LAX,1371
3271,LAX,XNA,1371
3272,TYR,DFW,103
3273,DFW,LAW,140
3274,LAW,DFW,140
3275,DFW,TYR,103
3276,GRK,DFW,134
3277,DFW,GRK,134
3278,AEX,DFW,285
3279,DFW,AEX,285
3280,SPS,DFW,113
3281,DFW,CLL,164
3282,ABI,DFW,158
3283,DFW,ABI,158
3284,DFW,TXK,181
3285,CLL,DFW,164
3286,DFW,LFT,351
3287,DFW,ACT,89
3288,GGG,DFW,140
3289,MLU,DFW,293
3290,DFW,SPS,113
3291,LFT,DFW,351
3292,ACT,DFW,89
3293,SJT,DFW,228
3294,DFW,SJT,228
3295,TXK,DFW,181
3296,DFW,GGG,140
3297,DFW,SHV,190
3298,SHV,DFW,190
3299,DFW,MLU,293
3300,LRD,DFW,394
3301,DFW,LRD,394
3302,MOB,DFW,540
3303,DFW,XNA,281
3304,DFW,AMA,313
3305,VPS,DFW,626
3306,DFW,VPS,626
3307,LIT,DFW,304
3308,DFW,LIT,304
3309,PIT,DFW,1068
3310,DFW,PIT,1068
3311,FSM,DFW,228
3312,CID,DFW,685
3313,DFW,FNT,1003
3314,GPT,DFW,500
3315,DFW,SGF,364
3316,SGF,DFW,364
3317,DFW,GPT,500
3318,MSN,DFW,821
3319,DFW,TYS,772
3320,TYS,DFW,772
3321,CAE,DFW,922
3322,DFW,MAF,309
3323,LBB,DFW,282
3324,DFW,LBB,282
3325,BTR,DFW,383
3326,DFW,BTR,383
3327,DFW,HSV,603
3328,DFW,MOB,540
3329,HOU,DFW,247
3330,DFW,HOU,247
3331,DFW,CAE,922
3332,CRP,DFW,354
3333,DFW,CRP,354
3334,ICT,DFW,328
3335,DFW,ICT,328
3336,MAF,DFW,309
3337,AMA,DFW,313
3338,DFW,PNS,604
3339,PNS,DFW,604
3340,XNA,DFW,281
3341,PIA,DFW,673
3342,CMI,DFW,693
3343,DFW,CMI,693
3344,CHA,DFW,695
3345,DFW,FWA,859
3346,DFW,CHA,695
3347,CHS,DFW,987
3348,DFW,SDF,733
3349,DFW,CHS,987
3350,SDF,DFW,733
3351,DFW,FSM,228
3352,DFW,SBA,1315
3353,SBA,DFW,1315
3354,HSV,DFW,603
3355,DFW,JAN,408
3356,DFW,CID,685
3357,DFW,LEX,785
3358,JAN,DFW,408
3359,GSP,DFW,862
3360,LEX,DFW,785
3361,OKC,DFW,175
3362,GSO,DFW,999
3363,DFW,GSO,999
3364,DFW,PIA,673
3365,DFW,OKC,175
3366,FNT,DFW,1003
3367,DFW,CMH,927
3368,CMH,DFW,927
3369,DFW,MKE,853
3370,MKE,DFW,853
3371,MDT,DFW,1232
3372,DFW,DSM,624
3373,DSM,DFW,624
3374,DFW,ORF,1213
3375,ORF,DFW,1213
3376,TUL,DFW,237
3377,DFW,TUL,237
3378,DFW,MSN,821
3379,DFW,EVV,642
3380,GRR,DFW,931
3381,DFW,GRR,931
3382,ROW,DFW,435
3383,DFW,ROW,435
3384,SAV,DFW,925
3385,DFW,SAV,925
3386,DFW,GSP,862
3387,MLI,DFW,691
3388,FWA,DFW,859
3389,EVV,DFW,642
3390,DFW,MDT,1232
3391,DFW,MLI,691
3392,MTJ,DFW,722
3393,DFW,MTJ,722
3394,CMH,MIA,990
3395,MIA,CMH,990
3396,FNT,ORD,223
3397,ORD,CMI,135
3398,CMI,ORD,135
3399,MIA,RIC,826
3400,ORD,SHV,733
3401,MOB,ORD,779
3402,ORD,MOB,779
3403,ORD,LIT,552
3404,LIT,ORD,552
3405,GRB,MQT,134
3406,ORD,EVV,273
3407,EVV,ORD,273
3408,ORD,RST,268
3409,RST,ORD,268
3410,MQT,ORD,303
3411,ORD,MQT,303
3412,ORD,CHA,501
3413,ORD,LSE,215
3414,LSE,ORD,215
3415,ORD,FNT,223
3416,ORD,DBQ,147
3417,ORD,GPT,800
3418,GPT,ORD,800
3419,JAN,ORD,677
3420,ORD,JAN,677
3421,MKE,MQT,236
3422,MQT,MKE,236
3423,CHA,ORD,501
3424,MIA,IND,1021
3425,IND,MIA,1021
3426,MIA,GSO,710
3427,ORF,MIA,802
3428,MIA,ORF,802
3429,DBQ,ORD,147
3430,HSV,ORD,510
3431,ORD,BTR,810
3432,RIC,MIA,826
3433,MIA,MEM,860
3434,PIT,MIA,1013
3435,ORD,HSV,510
3436,TOL,ORD,214
3437,ORD,PNS,794
3438,GSO,MIA,710
3439,PNS,ORD,794
3440,ORD,TOL,214
3441,MIA,SDF,911
3442,SDF,MIA,911
3443,BTR,ORD,810
3444,MQT,GRB,134
3445,ORD,VPS,800
3446,VPS,ORD,800
3447,MEM,MIA,860
3448,SHV,ORD,733
3449,XNA,MIA,1100
3450,MIA,XNA,1100
3451,CLE,MIA,1080
3452,MIA,CLE,1080
3453,RDU,SDF,416
3454,SDF,RDU,416
3455,RDU,XNA,868
3456,XNA,RDU,868
3457,DCA,BNA,562
3458,BNA,DCA,562
3459,XNA,DCA,963
3460,DCA,XNA,963
3461,DCA,RDU,227
3462,RDU,DCA,227
3463,BDL,RDU,532
3464,RDU,BDL,532
3465,CMH,RDU,361
3466,RDU,CMH,361
3467,BNA,STL,271
3468,SGF,STL,195
3469,STL,BNA,271
3470,STL,SGF,195
3471,DSM,LGA,1031
3472,LGA,DSM,1031
3473,LGA,XNA,1147
3474,MSN,LGA,812
3475,LGA,SDF,658
3476,SDF,LGA,658
3477,LGA,DTW,501
3478,LGA,MSN,812
3479,XNA,LGA,1147
3480,FNT,LGA,530
3481,LGA,FNT,530
3482,DTW,LGA,501
3483,MEM,LGA,963
3484,LGA,MEM,963
3485,MSP,LGA,1020
3486,BOS,MSP,1124
3487,LGA,MSP,1020
3488,MSP,BWI,936
3489,MSP,DLH,144
3490,MSP,RSW,1416
3491,RSW,MSP,1416
3492,RST,MSP,76
3493,MSP,GFK,284
3494,FSD,MSP,197
3495,GFK,MSP,284
3496,MSP,FSD,197
3497,MSP,SNA,1522
3498,BWI,MSP,936
3499,IAD,MSP,908
3500,MSP,PVD,1116
3501,MSP,RDU,981
3502,SNA,MSP,1522
3503,MSP,GRB,252
3504,SEA,MSP,1399
3505,MSP,SEA,1399
3506,MEM,MSP,700
3507,MSP,IND,503
3508,MEM,LAS,1416
3509,DCA,MEM,762
3510,LAS,MEM,1416
3511,LAX,MEM,1619
3512,MEM,LAX,1619
3513,BWI,MEM,787
3514,MSP,SAN,1532
3515,MSP,DCA,931
3516,MSP,JFK,1028
3517,SAN,MSP,1532
3518,MSP,DTW,528
3519,MSN,MSP,228
3520,MSP,SJC,1576
3521,PHL,MSP,980
3522,IND,MSP,503
3523,SJC,MSP,1576
3524,MSP,JAX,1174
3525,MEM,STL,256
3526,LIT,MEM,129
3527,DTW,SEA,1927
3528,SEA,DTW,1927
3529,BOS,DTW,632
3530,MSP,PDX,1426
3531,PDX,MSP,1426
3532,MSP,SFO,1589
3533,SFO,MSP,1589
3534,DTW,DCA,405
3535,DCA,DTW,405
3536,DTW,FNT,56
3537,GRR,DTW,120
3538,DTW,MSN,312
3539,MSN,DTW,312
3540,FLL,DTW,1127
3541,DTW,FLL,1127
3542,DTW,CMH,155
3543,BDL,DTW,548
3544,DTW,LAN,74
3545,DTW,TVC,207
3546,MEM,LIT,129
3547,STL,MEM,256
3548,DTW,SAN,1957
3549,SAN,DTW,1957
3550,GRB,MSP,252
3551,MEM,BOS,1139
3552,MEM,DTW,610
3553,BOS,MEM,1139
3554,DTW,MEM,610
3555,MEM,MSY,349
3556,DTW,BDL,548
3557,MSP,RST,76
3558,MSY,MEM,349
3559,MEM,IND,381
3560,DTW,MBS,98
3561,LAX,MSP,1536
3562,MSP,BDL,1050
3563,MSP,LAX,1536
3564,MBS,DTW,98
3565,BIS,MSP,386
3566,JFK,MSP,1028
3567,MEM,BWI,787
3568,DTW,GRB,288
3569,LAX,DTW,1979
3570,DTW,LAX,1979
3571,DTW,BOS,632
3572,SFO,DTW,2079
3573,DTW,RDU,501
3574,DTW,SFO,2079
3575,MCI,MEM,392
3576,MEM,MCI,392
3577,MSP,OMA,282
3578,DCA,MSP,931
3579,MSP,BOS,1124
3580,DTW,AZO,113
3581,MKE,DTW,238
3582,SMF,MSP,1518
3583,CMH,MSP,627
3584,GRR,MSP,408
3585,MSP,SMF,1518
3586,DFW,MSP,852
3587,FAR,MSP,223
3588,MSP,DFW,852
3589,RAP,MSP,490
3590,DTW,MSP,528
3591,TPA,MSP,1307
3592,MSP,TPA,1307
3593,MSP,BIS,386
3594,MSP,MEM,700
3595,BZN,MSP,874
3596,CID,MSP,221
3597,BHM,MEM,211
3598,MEM,BHM,211
3599,DTW,PDX,1953
3600,MCI,DTW,629
3601,DTW,SDF,306
3602,DTW,PIT,201
3603,BUF,DTW,240
3604,DTW,MKE,238
3605,DTW,TPA,983
3606,TPA,DTW,983
3607,BIL,MSP,748
3608,JAX,MSP,1174
3609,DTW,GRR,120
3610,GRB,DTW,288
3611,FNT,DTW,56
3612,MSP,PHL,980
3613,MSP,MSN,228
3614,MSP,MIA,1501
3615,MIA,MSP,1501
3616,BOI,MSP,1142
3617,MSP,ANC,2518
3618,MSP,FAR,223
3619,MSP,GEG,1175
3620,GEG,MSP,1175
3621,BDL,MSP,1050
3622,LAN,MSP,455
3623,MSP,LAN,455
3624,MSP,ABQ,981
3625,ABQ,MSP,981
3626,SAT,MEM,625
3627,BNA,MEM,200
3628,LAN,DTW,74
3629,IND,LGA,659
3630,LGA,IND,659
3631,MSP,COS,725
3632,MSP,RAP,490
3633,IND,MEM,381
3634,MEM,DFW,432
3635,MEM,SAT,625
3636,DFW,DTW,987
3637,ALB,DTW,488
3638,DTW,DFW,987
3639,PVD,DTW,614
3640,MHT,DTW,609
3641,DTW,MHT,609
3642,DTW,BUF,240
3643,SYR,DTW,374
3644,DTW,SYR,374
3645,LAX,IND,1814
3646,IND,LAX,1814
3647,MSP,IAD,908
3648,MSP,CMH,627
3649,MSP,MOT,449
3650,MOT,MSP,449
3651,KOA,SEA,2688
3652,HNL,MSP,3972
3653,MSP,HNL,3972
3654,DTW,ROC,296
3655,ROC,DTW,296
3656,ANC,MSP,2518
3657,SDF,MSP,603
3658,MSP,SDF,603
3659,TPA,MEM,656
3660,MEM,TPA,656
3661,MEM,MKE,556
3662,MSP,TUS,1298
3663,TUS,MSP,1298
3664,PVD,MSP,1116
3665,PBI,DTW,1087
3666,DTW,PBI,1087
3667,DTW,MCI,629
3668,VPS,MEM,369
3669,BTR,MEM,319
3670,JAX,MEM,576
3671,MKE,MEM,556
3672,MEM,VPS,369
3673,PIT,DTW,201
3674,SEA,MEM,1870
3675,MEM,SEA,1870
3676,MIA,DTW,1145
3677,DTW,MIA,1145
3678,MSP,GRR,408
3679,DTW,IND,231
3680,IND,DTW,231
3681,OMA,MSP,282
3682,SAT,MSP,1097
3683,FLL,MSP,1487
3684,MSP,FLL,1487
3685,COS,MSP,725
3686,MSP,BIL,748
3687,PIT,MSP,726
3688,MSP,PIT,726
3689,DTW,SAT,1215
3690,DTW,ALB,488
3691,SAT,DTW,1215
3692,MSP,SAT,1097
3693,MSP,MCI,393
3694,DTW,RSW,1085
3695,RSW,DTW,1085
3696,MSP,HDN,774
3697,BNA,MSP,695
3698,MSP,BNA,695
3699,DLH,MSP,144
3700,TVC,DTW,207
3701,MSP,STL,449
3702,LSE,MSP,120
3703,TVC,MSP,375
3704,MEM,BNA,200
3705,MSP,BZN,874
3706,RDU,MSP,981
3707,MSP,BOI,1142
3708,MSP,SJU,2404
3709,SJU,MSP,2404
3710,DTW,ORF,529
3711,DTW,BHM,625
3712,OKC,MEM,432
3713,MEM,CMH,518
3714,DTW,PVD,614
3715,ORF,DTW,529
3716,STL,MSP,449
3717,AZO,MSP,426
3718,MSP,MSO,1013
3719,MSO,MSP,1013
3720,MSP,BUF,734
3721,BUF,MSP,734
3722,MEM,BTR,319
3723,MEM,OKC,432
3724,MCI,MSP,393
3725,MEM,JAX,576
3726,OMA,MEM,538
3727,MEM,OMA,538
3728,CMH,DTW,155
3729,DTW,JAX,814
3730,JAX,DTW,814
3731,SJU,DTW,1929
3732,DTW,SJU,1929
3733,HDN,MSP,774
3734,IAH,DTW,1076
3735,DTW,IAH,1076
3736,MSP,EGE,788
3737,EGE,MSP,788
3738,MEM,DCA,762
3739,AUS,MSP,1042
3740,MSP,AUS,1042
3741,RDU,DTW,501
3742,MSP,LSE,120
3743,MSP,TVC,375
3744,MSP,CID,221
3745,AZO,DTW,113
3746,LIT,MSP,703
3747,SDF,DTW,306
3748,DSM,DTW,534
3749,MEM,AUS,559
3750,CMH,MEM,518
3751,MSP,LIT,703
3752,DTW,DSM,534
3753,MSP,DSM,232
3754,DSM,MSP,232
3755,MSP,PSP,1454
3756,PSP,MSP,1454
3757,GRR,MCO,1023
3758,MCO,GRR,1023
3759,MEM,SJU,1863
3760,SJU,MEM,1863
3761,CVG,AVP,499
3762,GSO,JAX,399
3763,AVP,CVG,499
3764,GSP,CVG,317
3765,MSP,RHI,190
3766,SUX,MSP,234
3767,MSP,ORF,1045
3768,ORF,MSP,1045
3769,MSP,ALB,979
3770,GTF,MSP,887
3771,MSP,OKC,695
3772,MSP,IDA,939
3773,IDA,MSP,939
3774,TYS,DTW,443
3775,XNA,MEM,258
3776,MEM,JAN,189
3777,MEM,MOB,317
3778,MSP,SUX,234
3779,DTW,DLH,541
3780,FWA,DTW,128
3781,MSP,CMX,277
3782,MSP,MDT,898
3783,MDT,MSP,898
3784,MSP,TYS,792
3785,DTW,SBN,157
3786,MSP,DAY,574
3787,MSP,AVL,861
3788,AVL,MSP,861
3789,DTW,GSO,460
3790,GSO,DTW,460
3791,DTW,PWM,668
3792,SCE,DTW,300
3793,MDT,DTW,370
3794,DTW,SWF,479
3795,DTW,FWA,128
3796,SWF,DTW,479
3797,HSV,DTW,554
3798,DTW,HSV,554
3799,DAY,DTW,166
3800,DTW,AVP,398
3801,AVP,DTW,398
3802,JAN,DTW,777
3803,ABE,DTW,424
3804,DTW,ABE,424
3805,DTW,JAN,777
3806,DTW,GSP,508
3807,HPN,DTW,505
3808,DTW,HPN,505
3809,DTW,RIC,456
3810,SBN,DTW,157
3811,CID,DTW,431
3812,DTW,CID,431
3813,PWM,DTW,668
3814,RIC,DTW,456
3815,DTW,BGR,750
3816,BGR,DTW,750
3817,DTW,DAY,166
3818,DTW,LNK,701
3819,LNK,DTW,701
3820,DTW,CWA,363
3821,AVL,DTW,470
3822,DTW,AVL,470
3823,DTW,BGM,378
3824,DTW,SCE,300
3825,DTW,PLN,243
3826,PLN,DTW,243
3827,DTW,RST,477
3828,DTW,ERI,163
3829,RST,DTW,477
3830,BGM,DTW,378
3831,DTW,OKC,900
3832,XNA,DTW,716
3833,DTW,XNA,716
3834,DTW,MLI,373
3835,MLI,DTW,373
3836,DTW,CAE,583
3837,CAE,DTW,583
3838,DTW,ATW,297
3839,DTW,ROA,382
3840,OKC,DTW,900
3841,GRR,DCA,524
3842,DCA,GRR,524
3843,GSP,DTW,508
3844,DTW,PIA,346
3845,CHS,DTW,668
3846,DTW,CHS,668
3847,BTV,DTW,536
3848,DTW,BTV,536
3849,DTW,SAV,706
3850,SAV,DTW,706
3851,DTW,TYS,443
3852,ERI,DTW,163
3853,TUL,DTW,790
3854,DTW,TUL,790
3855,CAK,DTW,133
3856,DTW,CAK,133
3857,PIA,DTW,346
3858,BHM,DTW,625
3859,DTW,MYR,636
3860,MYR,DTW,636
3861,FCA,MSP,1026
3862,MSP,FCA,1026
3863,OKC,MSP,695
3864,CPR,MSP,674
3865,MSP,MLI,274
3866,ALO,MSP,166
3867,MSP,ALO,166
3868,MSP,AZO,426
3869,ROC,MSP,783
3870,MSP,ROC,783
3871,SGF,MSP,528
3872,MSP,SGF,528
3873,CMX,MSP,277
3874,MSP,HLN,913
3875,HLN,MSP,913
3876,GRR,LGA,618
3877,LGA,GRR,618
3878,IND,RDU,489
3879,RDU,IND,489
3880,MSP,GSO,924
3881,BDL,IND,728
3882,IND,BDL,728
3883,DAY,MSP,574
3884,MSP,CPR,674
3885,IND,BOS,817
3886,BOS,IND,817
3887,IND,DCA,499
3888,DCA,IND,499
3889,IND,PHL,587
3890,GSO,MSP,924
3891,MSP,SBN,411
3892,ALB,MSP,979
3893,MSP,XNA,596
3894,XNA,MSP,596
3895,TYS,MSP,792
3896,MLI,MSP,274
3897,MSP,LNK,331
3898,LNK,MSP,331
3899,SBN,MSP,411
3900,ICT,MSP,545
3901,MSP,ICT,545
3902,MSP,FNT,491
3903,FNT,MSP,491
3904,MSP,GTF,887
3905,MSP,RIC,970
3906,RHI,MSP,190
3907,RIC,MSP,970
3908,TUL,MSP,616
3909,MSP,TUL,616
3910,MEM,TYS,342
3911,SHV,MEM,285
3912,HSV,MEM,184
3913,MEM,HSV,184
3914,MEM,SGF,243
3915,PIT,MEM,652
3916,MEM,PIT,652
3917,TLH,MEM,458
3918,MEM,TUL,342
3919,PNS,MEM,355
3920,SGF,MEM,243
3921,MEM,EVV,247
3922,MEM,MLI,442
3923,RDU,MEM,634
3924,MEM,RDU,634
3925,MLI,MEM,442
3926,MEM,XNA,258
3927,MEM,PNS,355
3928,MSN,MEM,559
3929,MEM,GPT,324
3930,GPT,MEM,324
3931,CHA,MEM,271
3932,MEM,SHV,285
3933,TYS,MEM,342
3934,DSM,MEM,490
3935,FSM,MEM,249
3936,JAN,MEM,189
3937,MOB,MEM,317
3938,MEM,FSM,249
3939,AUS,MEM,559
3940,MEM,TLH,458
3941,SDF,MEM,320
3942,CHS,MEM,589
3943,MEM,CHS,589
3944,SAV,MEM,545
3945,TUL,MEM,342
3946,GSP,MEM,441
3947,MEM,GSP,441
3948,MEM,PFN,417
3949,MEM,SDF,320
3950,PFN,MEM,417
3951,CLE,MEM,622
3952,MEM,CLE,622
3953,MEM,DSM,490
3954,GSO,MEM,570
3955,MEM,MSN,559
3956,DTW,ELM,331
3957,EVV,DTW,364
3958,DTW,EVV,364
3959,LIT,DTW,705
3960,DTW,LIT,705
3961,ATW,DTW,297
3962,SGF,DTW,635
3963,DTW,SGF,635
3964,DLH,DTW,541
3965,DTW,SHV,886
3966,SHV,DTW,886
3967,ELM,DTW,331
3968,CWA,DTW,363
3969,ROA,DTW,382
3970,OMA,DTW,651
3971,DTW,OMA,651
3972,LEX,DTW,296
3973,DTW,MDT,370
3974,DTW,LEX,296
3975,ICT,MEM,453
3976,MEM,MGM,280
3977,MEM,ICT,453
3978,MGM,MEM,280
3979,EVV,MEM,247
3980,RSW,MEM,763
3981,MEM,GRR,591
3982,DFW,MEM,432
3983,MEM,CHA,271
3984,GRR,MEM,591
3985,MEM,PHL,874
3986,PHL,MEM,874
3987,CAE,MEM,511
3988,MEM,CAE,511
3989,MEM,SAV,545
3990,MEM,GSO,570
3991,DFW,HNL,3784
3992,OGG,DFW,3711
3993,DFW,OGG,3711
3994,HNL,DFW,3784
3995,LAX,MIA,2342
3996,BOS,SAN,2588
3997,SAN,BOS,2588
3998,LAX,SJU,3386
3999,SJU,LAX,3386
4000,MIA,LAX,2342
4001,SFO,MIA,2585
4002,ORD,MIA,1197
4003,MIA,ORD,1197
4004,DFW,RDU,1062
4005,DFW,TPA,929
4006,SAT,DFW,247
4007,DFW,BWI,1217
4008,RSW,DFW,1017
4009,DFW,RSW,1017
4010,TUS,DFW,813
4011,DFW,STL,551
4012,DFW,DCA,1192
4013,ABQ,DFW,569
4014,DFW,BHM,597
4015,DFW,BNA,631
4016,DFW,BDL,1471
4017,RIC,DFW,1158
4018,OMA,DFW,583
4019,DCA,DFW,1192
4020,DFW,FAT,1313
4021,ELP,ORD,1236
4022,STL,DFW,551
4023,BUR,DFW,1231
4024,DFW,MCI,460
4025,DFW,ONT,1189
4026,BDL,DFW,1471
4027,DFW,SNA,1205
4028,DFW,SAT,247
4029,IND,DFW,762
4030,EWR,DFW,1372
4031,DFW,ABQ,569
4032,SJU,TPA,1237
4033,DFW,ELP,551
4034,JFK,DFW,1391
4035,DFW,MFE,468
4036,JAX,DFW,919
4037,DFW,TUS,813
4038,RDU,DFW,1062
4039,DFW,JFK,1391
4040,SAN,DFW,1171
4041,STL,SAN,1558
4042,MIA,DFW,1121
4043,STL,RDU,667
4044,MIA,MCO,193
4045,ELP,DFW,551
4046,MIA,BNA,806
4047,DFW,AUS,190
4048,AUS,DFW,190
4049,ORD,ELP,1236
4050,DFW,BOS,1562
4051,MIA,SFO,2585
4052,DFW,FLL,1119
4053,DCA,MIA,920
4054,DFW,OMA,583
4055,ONT,DFW,1189
4056,MIA,MSY,674
4057,MIA,BOS,1258
4058,DFW,PDX,1616
4059,STL,ORD,258
4060,DFW,SAN,1171
4061,FAT,DFW,1313
4062,FLL,DFW,1119
4063,SEA,DFW,1660
4064,SJU,MCO,1189
4065,DFW,IND,762
4066,DFW,MIA,1121
4067,DFW,JAX,919
4068,PSP,DFW,1126
4069,DFW,BUR,1231
4070,PBI,DFW,1103
4071,PHX,MIA,1972
4072,SJC,AUS,1476
4073,DFW,MSY,448
4074,DFW,COS,592
4075,TPA,SJU,1237
4076,DCA,STL,719
4077,DFW,SJC,1438
4078,BOS,MIA,1258
4079,PDX,DFW,1616
4080,MIA,DCA,920
4081,MSY,MIA,674
4082,DFW,SEA,1660
4083,ORD,PSP,1652
4084,DFW,EWR,1372
4085,MIA,STL,1068
4086,SJU,EWR,1608
4087,SJU,MIA,1045
4088,MIA,LGA,1097
4089,LGA,MIA,1097
4090,FLL,SJU,1046
4091,DFW,SJU,2165
4092,MFE,DFW,468
4093,RNO,DFW,1345
4094,SMF,DFW,1431
4095,BWI,DFW,1217
4096,SJU,DFW,2165
4097,MIA,SJU,1045
4098,DFW,RIC,1158
4099,JFK,STT,1623
4100,DFW,DAY,861
4101,TPA,DFW,929
4102,BNA,DFW,631
4103,STT,MIA,1107
4104,RDU,MIA,700
4105,SJC,DFW,1438
4106,MIA,IAH,964
4107,MIA,EWR,1086
4108,DFW,LGA,1389
4109,DFW,PSP,1126
4110,LGA,DFW,1389
4111,TUS,ORD,1437
4112,MIA,TPA,204
4113,MSY,DFW,448
4114,RSW,ORD,1120
4115,MIA,STT,1107
4116,MIA,STX,1139
4117,SJU,BWI,1565
4118,STL,BOS,1046
4119,PSP,ORD,1652
4120,MIA,RDU,700
4121,MCI,DFW,460
4122,STL,LGA,887
4123,STT,BOS,1693
4124,MCO,SJU,1189
4125,MCO,MIA,193
4126,BOS,STT,1693
4127,STL,DCA,719
4128,SAT,STL,786
4129,STL,SAT,786
4130,BNA,MIA,806
4131,OAK,DFW,1456
4132,MIA,PHX,1972
4133,COS,DFW,592
4134,TPA,MIA,204
4135,AUS,SJC,1476
4136,BOS,DFW,1562
4137,SNA,DFW,1205
4138,STL,SFO,1736
4139,RDU,AUS,1162
4140,DFW,RNO,1345
4141,SAN,STL,1558
4142,IAD,DFW,1172
4143,BNA,LGA,764
4144,ORD,ABQ,1118
4145,SNA,STL,1570
4146,DFW,SMF,1431
4147,LGA,BNA,764
4148,EWR,SJU,1608
4149,MIA,BDL,1194
4150,AUS,RDU,1162
4151,DAY,DFW,861
4152,SFO,STL,1736
4153,STX,MIA,1139
4154,IAH,MIA,964
4155,DFW,OAK,1456
4156,DFW,IAD,1172
4157,SJU,BDL,1666
4158,ORD,TUS,1437
4159,STL,RSW,979
4160,BDL,SJU,1666
4161,SEA,STL,1710
4162,BHM,DFW,597
4163,AUS,SNA,1209
4164,RDU,STL,667
4165,ORD,RNO,1671
4166,ORD,RSW,1120
4167,DFW,PBI,1103
4168,ABQ,ORD,1118
4169,BOS,STL,1046
4170,STL,AUS,722
4171,STL,SEA,1710
4172,SNA,AUS,1209
4173,EWR,MIA,1086
4174,AUS,STL,722
4175,RNO,ORD,1671
4176,LGA,STL,887
4177,STL,MIA,1068
4178,MIA,LAS,2175
4179,BWI,SJU,1565
4180,SJU,FLL,1046
4181,SJU,STT,68
4182,BDL,MIA,1194
4183,DFW,EGE,720
4184,EGE,DFW,720
4185,HDN,DFW,769
4186,DFW,HDN,769
4187,RSW,STL,979
4188,EGE,ORD,1007
4189,DFW,GUC,678
4190,JAC,DFW,1046
4191,ORD,EGE,1007
4192,EGE,LAX,748
4193,LAX,EGE,748
4194,DFW,JAC,1046
4195,GUC,DFW,678
4196,MIA,EGE,1811
4197,LGA,EGE,1739
4198,EGE,LGA,1739
4199,EGE,EWR,1725
4200,EWR,EGE,1725
4201,EGE,MIA,1811
4202,MTJ,ORD,1081
4203,OGG,LIH,202
4204,OAK,HNL,2409
4205,HNL,OAK,2409
4206,SMF,OGG,2404
4207,OGG,SMF,2404
4208,OAK,OGG,2349
4209,OGG,OAK,2349
4210,OAK,KOA,2378
4211,KOA,OAK,2378
4212,RNO,SNA,415
4213,SNA,HNL,2583
4214,HNL,SNA,2583
4215,SNA,RNO,415
4216,SNA,OGG,2513
4217,OGG,SNA,2513
4218,KOA,LIH,263
4219,KOA,SAN,2556
4220,LIH,SAN,2677
4221,LIH,KOA,263
4222,SNA,KOA,2530
4223,SNA,LIH,2644
4224,KOA,SNA,2530
4225,LIH,SNA,2644
4226,SAN,KOA,2556
4227,SNA,SAN,76
4228,SAN,SEA,1050
4229,SEA,SAN,1050
4230,SEA,PSP,987
4231,JNU,KTN,234
4232,KTN,SIT,183
4233,SEA,ONT,956
4234,SEA,ANC,1449
4235,JNU,ANC,571
4236,PSP,SEA,987
4237,PDX,SAN,933
4238,SIT,JNU,95
4239,SEA,BUR,937
4240,ONT,SEA,956
4241,SEA,LGB,965
4242,BUR,SEA,937
4243,ORD,ANC,2846
4244,SEA,JNU,909
4245,LIH,SEA,2701
4246,LGB,SEA,965
4247,PDX,ANC,1542
4248,BOS,PDX,2537
4249,PSG,JNU,123
4250,BOS,SEA,2496
4251,EWR,SEA,2401
4252,ANC,CDV,160
4253,JNU,PSG,123
4254,CDV,YAK,213
4255,JNU,SEA,909
4256,PSG,WRG,31
4257,YAK,JNU,199
4258,SEA,DCA,2329
4259,LAX,DCA,2311
4260,MCO,SEA,2553
4261,SEA,SNA,978
4262,SNA,SEA,978
4263,DCA,SEA,2329
4264,SAN,PDX,933
4265,MCO,PDX,2534
4266,SEA,KTN,680
4267,SEA,EWR,2401
4268,SEA,BOS,2496
4269,JNU,YAK,199
4270,ANC,SEA,1449
4271,ONT,PDX,838
4272,HNL,ANC,2777
4273,SEA,MIA,2724
4274,PDX,ONT,838
4275,BRW,ANC,725
4276,PDX,SNA,859
4277,SEA,MCO,2553
4278,TUS,SEA,1216
4279,ANC,FAI,261
4280,OME,ANC,539
4281,JNU,SIT,95
4282,SEA,FAI,1533
4283,OTZ,OME,183
4284,ANC,ORD,2846
4285,PSP,PDX,873
4286,SEA,TUS,1216
4287,SNA,PDX,859
4288,PDX,BOS,2537
4289,MIA,SEA,2724
4290,PDX,PSP,873
4291,ANC,PDX,1542
4292,BET,ANC,399
4293,FAI,ANC,261
4294,BRW,FAI,503
4295,SCC,BRW,204
4296,FAI,SCC,373
4297,FAI,BRW,503
4298,KTN,WRG,82
4299,KTN,SEA,680
4300,ANC,OTZ,549
4301,SIT,KTN,183
4302,PDX,MCO,2534
4303,ANC,JNU,571
4304,CDV,ANC,160
4305,SEA,LIH,2701
4306,ADQ,ANC,252
4307,ANC,BET,399
4308,YAK,CDV,213
4309,KTN,JNU,234
4310,ANC,ADQ,252
4311,WRG,PSG,31
4312,BUR,PDX,817
4313,FAI,SEA,1533
4314,ANC,HNL,2777
4315,PDX,BUR,817
4316,WRG,KTN,82
4317,SCC,ANC,626
4318,OTZ,ANC,549
4319,OME,OTZ,183
4320,ANC,OME,539
4321,ANC,SCC,626
4322,ADK,ANC,1192
4323,DCA,LAX,2311
4324,ANC,ADK,1192
4325,AUS,BOS,1698
4326,BOS,AUS,1698
4327,BOS,LGB,2602
4328,BOS,OAK,2693
4329,BOS,RIC,474
4330,BUF,BOS,396
4331,BUF,FLL,1166
4332,BUF,JFK,301
4333,EWR,FLL,1065
4334,EWR,MCO,938
4335,EWR,PBI,1024
4336,FLL,BUF,1166
4337,FLL,EWR,1065
4338,FLL,LGB,2327
4339,FLL,OAK,2575
4340,FLL,PSE,1032
4341,FLL,RIC,805
4342,FLL,SWF,1119
4343,FLL,SYR,1197
4344,HOU,JFK,1428
4345,IAD,JFK,228
4346,IAD,LGB,2277
4347,JAX,JFK,829
4348,JFK,BUF,301
4349,JFK,BUR,2465
4350,JFK,DEN,1626
4351,JFK,HOU,1428
4352,JFK,IAD,228
4353,JFK,JAX,829
4354,JFK,LGB,2465
4355,JFK,MSY,1182
4356,JFK,OAK,2576
4357,JFK,PBI,1028
4358,JFK,PDX,2454
4359,JFK,RSW,1074
4360,JFK,SJC,2569
4361,JFK,SMF,2521
4362,JFK,SRQ,1041
4363,JFK,TUS,2136
4364,LAS,LGB,231
4365,LGB,IAD,2277
4366,LGB,JFK,2465
4367,LGB,LAS,231
4368,LGB,OAK,353
4369,LGB,ORD,1735
4370,LGB,SMF,387
4371,MCO,BQN,1129
4372,MCO,EWR,938
4373,MCO,PSE,1180
4374,MCO,SYR,1053
4375,MSY,JFK,1182
4376,OAK,BOS,2693
4377,OAK,FLL,2575
4378,OAK,LGB,353
4379,ORD,LGB,1735
4380,PBI,EWR,1024
4381,PBI,JFK,1028
4382,PSE,MCO,1180
4383,RIC,BOS,474
4384,RIC,FLL,805
4385,RSW,EWR,1068
4386,RSW,JFK,1074
4387,SMF,LGB,387
4388,SRQ,JFK,1041
4389,SWF,FLL,1119
4390,TPA,EWR,998
4391,BOS,BUF,396
4392,BQN,JFK,1576
4393,BQN,MCO,1129
4394,JFK,BQN,1576
4395,JFK,ONT,2430
4396,LGB,FLL,2327
4397,OAK,JFK,2576
4398,SMF,JFK,2521
4399,SYR,MCO,1053
4400,TUS,JFK,2136
4401,BOS,SJC,2689
4402,BUR,JFK,2465
4403,JFK,PSE,1617
4404,LGB,BOS,2602
4405,ONT,JFK,2430
4406,PSE,FLL,1032
4407,EWR,TPA,998
4408,PSE,JFK,1617
4409,SJC,BOS,2689
4410,JFK,HPN,30
4411,BUF,RSW,1144
4412,RSW,BUF,1144
4413,MCO,BTV,1195
4414,RDU,FLL,680
4415,SYR,FLL,1197
4416,BTV,MCO,1195
4417,FLL,RDU,680
4418,SJC,JFK,2569
4419,EWR,RSW,1068
4420,EWR,CLE,404
4421,LAX,IAH,1379
4422,EWR,PDX,2433
4423,BWI,IAH,1235
4424,SJC,IAH,1608
4425,SNA,EWR,2433
4426,EWR,IAH,1400
4427,AUS,EWR,1504
4428,SAT,IAH,191
4429,IAH,EWR,1400
4430,EWR,SJC,2548
4431,IAH,LAX,1379
4432,AUS,IAH,140
4433,SAN,IAH,1303
4434,IAH,LAS,1222
4435,IAH,LGA,1416
4436,LAS,IAH,1222
4437,SAN,EWR,2425
4438,IAH,RNO,1530
4439,IAH,CLE,1091
4440,IAH,SJU,2007
4441,CLE,IAH,1091
4442,BOS,IAH,1597
4443,IAH,FLL,965
4444,TPA,IAH,787
4445,IAH,BWI,1235
4446,JFK,IAH,1417
4447,SRQ,EWR,1034
4448,IAH,PHL,1324
4449,EWR,ABQ,1805
4450,IAH,TPA,787
4451,IAH,OAK,1628
4452,RNO,IAH,1530
4453,CLE,SAN,2026
4454,IAH,ONT,1334
4455,IAH,BOS,1597
4456,SNA,IAH,1347
4457,EWR,TUS,2116
4458,IAH,SEA,1874
4459,PHL,IAH,1324
4460,IAH,SMF,1609
4461,IAH,SAN,1303
4462,EWR,SNA,2433
4463,EWR,SRQ,1034
4464,TUS,EWR,2116
4465,IAH,SAT,191
4466,SAT,EWR,1569
4467,ONT,IAH,1334
4468,IAH,PDX,1825
4469,IAH,HNL,3904
4470,SEA,IAH,1874
4471,SMF,IAH,1609
4472,EWR,BQN,1585
4473,ANC,IAH,3266
4474,LGA,IAH,1416
4475,EWR,SAN,2425
4476,FLL,IAH,965
4477,SJU,IAH,2007
4478,TPA,CLE,927
4479,EWR,SAT,1569
4480,CLE,EWR,404
4481,LAX,CLE,2053
4482,PBI,CLE,1020
4483,SFO,CLE,2161
4484,PSE,EWR,1627
4485,IAH,JFK,1417
4486,RSW,IAH,861
4487,EWR,HNL,4962
4488,IAH,SNA,1347
4489,CLE,LAX,2053
4490,EGE,IAH,935
4491,EWR,AUS,1504
4492,STT,EWR,1634
4493,IAH,SJC,1608
4494,OAK,IAH,1628
4495,CLE,RSW,1025
4496,EWR,STT,1634
4497,PDX,IAH,1825
4498,SJC,EWR,2548
4499,IAH,EGE,935
4500,IAH,HDN,986
4501,BQN,EWR,1585
4502,RSW,CLE,1025
4503,PSP,IAH,1269
4504,FLL,CLE,1062
4505,CLE,SEA,2021
4506,HNL,IAH,3904
4507,SAN,CLE,2026
4508,CLE,FLL,1062
4509,SJU,CLE,1839
4510,HDN,IAH,986
4511,IAH,ANC,3266
4512,CLE,SFO,2161
4513,SEA,CLE,2021
4514,EWR,DAB,884
4515,ABQ,EWR,1805
4516,EWR,PSE,1627
4517,CLE,PBI,1020
4518,BDL,IAH,1507
4519,MSY,CMH,806
4520,CLE,TPA,927
4521,PDX,EWR,2433
4522,IAH,BDL,1507
4523,HNL,EWR,4962
4524,SJC,SFO,30
4525,CLE,CMH,112
4526,LAX,JAX,2153
4527,JAX,LAX,2153
4528,LAX,RDU,2239
4529,CMH,LAX,1996
4530,LAX,CMH,1996
4531,CVG,SNA,1877
4532,ATL,BZN,1641
4533,BZN,ATL,1641
4534,RDU,LAX,2239
4535,STX,ATL,1638
4536,SLC,LGA,1982
4537,HDN,LGA,1742
4538,EGE,CVG,1189
4539,CVG,EGE,1189
4540,OKC,ABQ,510
4541,BPT,IAH,79
4542,CMH,CLE,112
4543,LAS,YUM,238
4544,IAD,OKC,1136
4545,COD,DEN,392
4546,BOS,MSY,1367
4547,MCO,JAX,143
4548,BGR,BTV,214
4549,CVG,VPS,608
4550,RSW,MIA,105
4551,BUF,CVG,410
4552,LGA,DAB,896
4553,CVG,BUF,410
4554,MSY,BOS,1367
4555,ABE,LGA,82
4556,MCO,GSO,534
4557,XNA,SGF,84
4558,BFL,DEN,845
4559,SGF,FSD,472
4560,FAR,MCI,536
4561,DRO,ABQ,159
4562,GRB,DEN,905
4563,GRB,SDF,453
4564,ATW,DSM,321
4565,GRB,MKE,107
4566,ATW,MKE,96
4567,HSV,TUS,1405
4568,DSM,LAX,1447
4569,ATL,ASE,1304
4570,LAX,DSM,1447
4571,MFR,SBA,572
4572,MFR,RDM,156
4573,ANC,DEN,2406
4574,DEN,ANC,2406
4575,IAD,TUS,1933
4576,TUS,IAD,1933
4577,DEN,LIH,3414
4578,ABE,CLT,481
4579,CLT,DAB,416
4580,DAB,CLT,416
4581,SRQ,DCA,851
4582,LGA,HDN,1742
4583,BOS,SRQ,1220
4584,SRQ,BOS,1220
4585,CVG,JAC,1386
4586,LGA,SRQ,1047
4587,SRQ,LGA,1047
4588,BTR,DEN,997
4589,BMI,LAS,1452
4590,LAS,ROC,2041
4591,LAS,CAK,1846
4592,MLI,LAS,1377
4593,PHF,TPA,722
4594,TPA,PHF,722
4595,BWI,DAB,733
4596,DAB,BWI,733
4597,RSW,MKE,1183
4598,LAS,DAY,1701
4599,MCO,MLI,1036
4600,CAK,FLL,1026
4601,MCO,SAN,2148
4602,ITO,OGG,121
4603,OGG,ITO,121
4604,DTW,MSY,926
4605,MSY,DTW,926
4606,DTW,STT,1968
4607,MSP,CHS,1087
4608,CHS,MSP,1087
4609,MSP,ATW,236
4610,ATW,MSP,236
4611,MSP,CWA,175
4612,CWA,MSP,175
4613,DSM,DCA,897
4614,DCA,DSM,897
4615,MSN,DCA,707
4616,DCA,MSN,707
4617,STL,SNA,1570
4618,ORD,MTJ,1081
4619,SAN,LIH,2677
4620,MTJ,EWR,1795
4621,HDN,EWR,1728
4622,EWR,MTJ,1795
4623,CLE,SJU,1839
4624,EWR,HDN,1728
4625,FLL,MHT,1263
4626,MCO,OMA,1210
4627,MCO,TUL,1005
4628,DAL,HRL,458
4629,HRL,DAL,458
4630,OMA,MCO,1210
4631,PHL,AUS,1430
4632,PHL,SAT,1495
4633,PHL,STL,813
4634,SAT,PHL,1495
4635,STL,PHL,813
4636,AUS,PHL,1430
4637,MHT,FLL,1263
4638,CLE,GSO,381
4639,IAH,CAE,878
4640,CLE,SAV,641
4641,CLE,JAX,753
4642,SAV,CLE,641
4643,DAB,CLE,844
4644,CLE,OMA,729
4645,CAE,IAH,878
4646,OMA,CLE,729
4647,GSO,CLE,381
4648,IAH,SRQ,796
4649,JAX,CLE,753
4650,CLE,DAB,844
4651,RKS,DEN,260
4652,DEN,GCC,313
4653,DEN,RKS,260
4654,GCC,DEN,313
4655,DCA,CMH,322
4656,ACY,LGA,99
4657,ABE,PHL,55
4658,AVP,LGA,104
4659,TYS,MCO,532
4660,MCO,TYS,532
4661,JFK,ALB,145
4662,CVG,PFN,612
4663,PBI,CMH,931
4664,CMH,DCA,322
4665,DAB,JAX,97
4666,IND,PIT,325
4667,GSO,MCO,534
4668,CMH,PBI,931
4669,MDT,AVP,96
4670,MKE,GRR,120
4671,MKE,ATW,96
4672,MKE,STL,317
4673,STL,MKE,317
4674,MKE,DAY,284
4675,DAY,MKE,284
4676,GRR,MKE,120
4677,BNA,MKE,475
4678,MKE,FNT,211
4679,FNT,MKE,211
4680,MKE,BNA,475
4681,ASE,ATL,1304
4682,GJT,ASE,89
4683,TUL,ASE,636
4684,GJT,LAX,656
4685,COS,CLE,1221
4686,AUS,DSM,813
4687,ORF,BOI,2144
4688,ABE,BHM,792
4689,SGF,BNA,380
4690,LNK,CRW,826
4691,TVC,MSN,217
4692,LNK,PIA,371
4693,MCI,MKE,436
4694,ICT,SLC,808
4695,LGA,STT,1634
4696,STT,LGA,1634
4697,PDX,PHL,2406
4698,DCA,SRQ,851
4699,JAC,CVG,1386
4700,ATL,LAW,804
4701,LAW,ATL,804
4702,IND,MSY,708
4703,MCI,RSW,1155
4704,RSW,MCI,1155
4705,RIC,MCO,667
4706,FLL,CAK,1026
4707,MIA,TLH,403
4708,TLH,MIA,403
4709,DTW,BZN,1401
4710,PVD,BDL,66
4711,IAH,HOU,24
4712,ATL,STX,1638
4713,SAV,MSP,1092
4714,MSP,SAV,1092
4715,MSP,MYR,1085
4716,MYR,MSP,1085
4717,RIC,MEM,726
4718,MEM,RIC,726
4719,MEM,RSW,763
4720,LGA,SLC,1982
4721,OKC,MCO,1068
4722,IAH,CRP,201
4723,CRP,IAH,201
4724,CLE,CHS,595
4725,BHM,CLE,604
4726,CLE,MDT,280
4727,CLE,BHM,604
4728,MDT,CLE,280
4729,CHS,CLE,595
4730,SRQ,IAH,796
4731,AGS,CLT,140
4732,CLT,AGS,140
4733,AGS,LGA,678
4734,LGA,AGS,678
4735,CVG,ILM,500
4736,ILM,CVG,500
4737,AVP,JFK,113
4738,CVG,EVV,170
4739,EVV,CVG,170
4740,CVG,SBN,203
4741,SBN,CVG,203
4742,AZO,CVG,225
4743,RIC,DCA,94
4744,MKE,SDF,348
4745,SDF,MKE,348
4746,MKE,MKG,85
4747,MKG,GRR,41
4748,MKG,MKE,85
4749,MKE,IND,238
4750,IND,MKE,238
4751,MKE,DSM,311
4752,MKE,CWA,154
4753,MKE,GRB,107
4754,DSM,MKE,311
4755,CWA,MKE,154
4756,ORD,RAP,780
4757,RAP,ORD,780
4758,SDF,SLC,1408
4759,CDC,LAX,395
4760,BOS,MDW,861
4761,MDW,BOS,861
4762,DFW,GJT,772
4763,GJT,DFW,772
4764,ROC,DFW,1266
4765,DFW,ROC,1266
4766,SYR,DFW,1337
4767,DFW,SYR,1337
4768,SFO,MEM,1807
4769,MSP,MBS,463
4770,MEM,SFO,1807
4771,MBS,MSP,463
4772,DTW,CRW,281
4773,MEM,LEX,363
4774,LEX,MEM,363
4775,AUS,SEA,1770
4776,SEA,AUS,1770
4777,LAX,ANC,2345
4778,DLG,ANC,329
4779,AKN,DLG,71
4780,ANC,AKN,289
4781,IAH,AGS,821
4782,AUS,OAK,1497
4783,LAS,JAX,1965
4784,ORF,BNA,585
4785,BNA,ORF,585
4786,FLL,AUS,1105
4787,AUS,FLL,1105
4788,JAX,LAS,1965
4789,OAK,AUS,1497
4790,FAT,MRY,119
4791,LGB,ONT,35
4792,MCI,OMA,152
4793,CLT,TLH,386
4794,TLH,CLT,386
4795,CLT,AUS,1033
4796,CLT,SAT,1095
4797,SAT,CLT,1095
4798,AUS,CLT,1033
4799,LGA,MYR,563
4800,MYR,LGA,563
4801,CVG,LIT,513
4802,SCE,CVG,383
4803,JFK,LGA,11
4804,MYR,BOS,738
4805,CVG,SCE,383
4806,GSO,ORF,216
4807,BOS,MYR,738
4808,BHM,HSV,74
4809,ROA,BWI,221
4810,CHO,DCA,91
4811,SLC,SDF,1408
4812,MKG,FNT,127
4813,AZO,FAR,642
4814,FSD,PIA,414
4815,OMA,BHM,732
4816,FNT,MKG,127
4817,ANC,SFO,2018
4818,SFO,ANC,2018
4819,CVG,ANC,3110
4820,ANC,CVG,3110
4821,ANC,ATL,3417
4822,ATL,ANC,3417
4823,CHO,CVG,342
4824,CVG,XNA,561
4825,CVG,AZO,225
4826,XNA,CVG,561
4827,CVG,CHO,342
4828,LIT,CVG,513
4829,TLH,TPA,200
4830,PFN,MCO,290
4831,MCO,PFN,290
4832,MCO,PNS,380
4833,PNS,MCO,380
4834,HSV,MCO,535
4835,MCO,HSV,535
4836,MCO,TLH,227
4837,ATL,LWB,369
4838,LWB,ATL,369
4839,TLH,MCO,227
4840,TPA,TLH,200
4841,EYW,MCO,268
4842,MCO,EYW,268
4843,LGA,MKE,738
4844,MKE,SFO,1845
4845,SEA,BWI,2335
4846,LAX,MKE,1756
4847,MKE,LGA,738
4848,SFO,MKE,1845
4849,BWI,SEA,2335
4850,MKE,DCA,634
4851,SEA,MKE,1694
4852,MKE,LAX,1756
4853,DCA,MKE,634
4854,BTV,BWI,408
4855,IND,SFO,1944
4856,MKE,BOS,860
4857,MKE,SAN,1738
4858,MKE,SEA,1694
4859,SAN,MKE,1738
4860,SFO,IND,1944
4861,BWI,BTV,408
4862,BOS,MKE,860
4863,MEM,SAN,1567
4864,SAN,MEM,1567
4865,PDX,DTW,1953
4866,DTW,ANC,2986
4867,ANC,DTW,2986
4868,MSP,FAI,2466
4869,FAI,MSP,2466
4870,DTW,ICT,811
4871,ICT,DTW,811
4872,CRW,DTW,281
4873,SAT,IND,986
4874,IND,SAT,986
4875,AUS,IND,920
4876,IND,AUS,920
4877,MSP,FWA,488
4878,FWA,MSP,488
4879,ORF,MEM,782
4880,MEM,ORF,782
4881,DFW,ANC,3043
4882,ANC,DFW,3043
4883,SIT,SEA,862
4884,ANC,LAX,2345
4885,LGB,AUS,1226
4886,AUS,LGB,1226
4887,IAD,BUR,2279
4888,LGB,SJC,324
4889,SJC,LGB,324
4890,BUR,IAD,2279
4891,ACK,JFK,199
4892,COS,ABQ,280
4893,OKC,TUL,111
4894,ICT,MCI,186
4895,SAV,JAX,117
4896,AMA,TUL,335
4897,TUL,OMA,352
4898,ICT,OKC,156
4899,EWR,ACK,218
4900,ACK,EWR,218
4901,DSM,CLE,612
4902,CLE,DSM,612
4903,ABQ,CLE,1411
4904,CLE,ABQ,1411
4905,TVC,DEN,1031
4906,MDT,DCA,94
4907,JFK,BGR,382
4908,MCO,LEX,689
4909,LEX,MCO,689
4910,BGR,JFK,382
4911,IND,JFK,664
4912,SWF,BOS,170
4913,DAB,MCO,54
4914,RSW,PBI,103
4915,CVG,MYR,489
4916,BWI,LGA,185
4917,HPN,EWR,35
4918,SRQ,TPA,40
4919,SWF,BDL,79
4920,CVG,TVC,396
4921,TVC,CVG,396
4922,TPA,MCO,80
4923,ERI,PIT,109
4924,MHT,BOS,45
4925,PWM,BOS,95
4926,MKE,MCI,436
4927,SLC,ACV,635
4928,ACV,SLC,635
4929,DEN,HLN,594
4930,HLN,DEN,594
4931,ORD,CPR,949
4932,FCA,ORD,1352
4933,MSO,ORD,1332
4934,BIL,ORD,1060
4935,ORD,BIL,1060
4936,MCI,LNK,152
4937,CID,MKE,208
4938,ORD,FCA,1352
4939,CPR,ORD,949
4940,DEN,RDM,899
4941,LNK,ABE,1116
4942,OKC,BMI,589
4943,GRB,GTF,1133
4944,LAX,TUL,1283
4945,RDM,DEN,899
4946,SLC,WYS,273
4947,DEN,TVC,1031
4948,RIC,ORF,75
4949,WYS,SLC,273
4950,TUL,LAX,1283
4951,FCA,SFO,844
4952,SFO,FCA,844
4953,ORD,MSO,1332
4954,GTF,ORD,1210
4955,ORD,GTF,1210
4956,MSO,SFO,769
4957,CLT,SMF,2244
4958,CLT,PDX,2282
4959,CLT,TUS,1735
4960,PHL,SMF,2458
4961,SMF,PHL,2458
4962,SMF,CLT,2244
4963,PDX,CLT,2282
4964,TUS,CLT,1735
4965,ATL,BOI,1838
4966,FAI,SLC,2184
4967,FCA,ATL,1841
4968,SLC,FAI,2184
4969,FLL,PNS,525
4970,PNS,FLL,525
4971,FLL,TLH,393
4972,TLH,FLL,393
4973,PNS,TPA,330
4974,TPA,PNS,330
4975,CVG,MSN,373
4976,MCO,AVL,488
4977,AVL,MCO,488
4978,ITO,KOA,64
4979,DFW,BUF,1212
4980,BUF,DFW,1212
4981,MIA,JAX,334
4982,JAX,MIA,334
4983,LGA,TVC,655
4984,TVC,LGA,655
4985,SEA,IND,1866
4986,IND,SEA,1866
4987,MSP,JAC,872
4988,JAC,MSP,872
4989,MSY,MSP,1040
4990,BZN,DTW,1401
4991,HSV,BHM,74
4992,BGR,MSP,1194
4993,MSP,BGR,1194
4994,BJI,MSP,199
4995,CHA,DTW,505
4996,DTW,CHA,505
4997,MSP,INL,254
4998,INL,MSP,254
4999,BTV,MSP,986
5000,MSP,BTV,986
5001,MSP,BJI,199
5002,MEM,COS,855
5003,COS,MEM,855
5004,BDL,MEM,1048
5005,MEM,BDL,1048
