airport_FK,Code,Airport  Name,City
1,IAD,Washington Dulles International ,"Washington, D.C. / Dulles"
2,IND,Indianapolis International ,"Indianapolis, IN"
3,ISP,Long Island MacArthur ,"Islip, NY"
4,JAN,Jackson–Medgar Wiley Evers International,"Jackson, MS"
5,JAX,Jacksonville International ,"Jacksonville, FL"
6,LAS,Harry Reid International ,"Las Vegas, NV"
7,LAX,Los Angeles International ,"Los Angeles, CA"
8,LBB,Lubbock Preston Smith International,"Lubbock, TX"
9,LIT,Bill and Hillary Clinton National ,"Little Rock, AR"
10,MAF,Midland International Air and Space Port,"Midland, TX"
11,MCI,Kansas City International ,"Kansas City, MO"
12,MCO,Orlando International ,"Orlando, FL"
13,MDW,Chicago Midway International ,"Chicago, IL"
14,MHT,Manchester–Boston Regional ,"Manchester, NH"
15,MSY,Louis Armstrong New Orleans International,"New Orleans, LA"
16,OAK,San Francisco Bay Oakland International,"Oakland, CA"
17,OKC,Will Rogers World ,"Oklahoma City, OK"
18,OMA,Eppley Airfield,"Omaha, NE"
19,ONT,Ontario International ,"Ontario, CA"
20,ORF,Norfolk International ,"Norfolk, VA"
21,PBI,Palm Beach International ,"West Palm Beach, FL"
22,PDX,Portland International ,"Portland, OR"
23,PHL,Philadelphia International ,"Philadelphia, PA"
24,PHX,Phoenix Sky Harbor International ,"Phoenix, AZ"
25,PIT,Pittsburgh International ,"Pittsburgh, PA"
26,PVD,Rhode Island T.F. Green International,"Providence, RI"
27,RDU,Raleigh–Durham International ,"Raleigh, NC"
28,RNO,Reno–Tahoe International ,"Reno, NV"
29,RSW,Southwest Florida International ,"Fort Myers, FL"
30,SAN,San Diego International ,"San Diego, CA"
31,SAT,San Antonio International ,"San Antonio, TX"
32,SDF,Louisville Muhammad Ali International,"Louisville, KY"
33,SEA,Seattle–Tacoma International ,"Seattle, WA"
34,SFO,San Francisco International ,"San Francisco, CA"
35,SJC,Norman Y. Mineta San Jose International,"San Jose, CA"
36,SLC,Salt Lake City International ,"Salt Lake City, UT"
37,SMF,Sacramento International ,"Sacramento, CA"
38,SNA,John Wayne ,"Santa Ana, CA"
39,STL,St. Louis Lambert International ,"St. Louis, MO"
40,TPA,Tampa International ,"Tampa, FL"
41,TUL,Tulsa International ,"Tulsa, OK"
42,TUS,Tucson International ,"Tucson, AZ"
43,ABQ,Albuquerque International Sunport,"Albuquerque, NM"
44,ALB,Albany International ,"Albany, NY"
45,AMA,Rick Husband Amarillo International,"Amarillo, TX"
46,AUS,Austin–Bergstrom International ,"Austin, TX"
47,BDL,Bradley International ,"Hartford, CT"
48,BHM,Birmingham–Shuttlesworth International,"Birmingham, AL"
49,BNA,Nashville International ,"Nashville, TN"
50,BOI,Boise ,"Boise, ID"
51,BUF,Buffalo Niagara International ,"Buffalo, NY"
52,BUR,Hollywood Burbank ,"Burbank, CA"
53,BWI,Baltimore/Washington International,"Baltimore, MD"
54,CLE,Cleveland Hopkins International ,"Cleveland, OH"
55,CMH,John Glenn Columbus International,"Columbus, OH"
56,CRP,Corpus Christi International ,"Corpus Christi, TX"
57,DAL,Dallas Love Field,"Dallas, TX"
58,DEN,Denver International ,"Denver, CO"
59,DTW,Detroit Metropolitan Wayne County ,"Detroit, MI"
60,ELP,El Paso International ,"El Paso, TX"
61,FLL,Fort Lauderdale–Hollywood International,"Fort Lauderdale, FL"
62,GEG,Spokane International ,"Spokane, WA"
63,HOU,William P. Hobby ,"Houston, TX"
64,HRL,Valley International ,"Harlingen, TX"
65,ROC,Frederick Douglass Greater Rochester,"Rochester, NY"
66,ORD,O'Hare International ,"Chicago, IL"
67,EWR,Newark Liberty International ,"Newark, NJ"
68,SYR,Syracuse Hancock International ,"Syracuse, NY"
69,IAH,George Bush Intercontinental ,"Houston, TX"
70,CRW,West Virginia International Yeager,"Charleston, WV"
71,FAT,Fresno Yosemite International ,"Fresno, CA"
72,COS,City of Colorado Springs Municipal,"Colorado Springs, CO"
73,MRY,Monterey Regional ,"Monterey, CA"
74,LGB,Long Beach ,"Long Beach, CA"
75,BFL,Meadows Field,"Bakersfield, CA"
76,EUG,Eugene  (Mahlon Sweet Field),"Eugene, OR"
77,ICT,Wichita Dwight D. Eisenhower National,"Wichita, KS"
78,MEM,Memphis International ,"Memphis, TN"
79,BTV,Patrick Leahy Burlington International,"Burlington, VT"
80,MKE,Milwaukee Mitchell International,"Milwaukee, WI"
81,LFT,Lafayette Regional ,"Lafayette, LA"
82,BRO,Brownsville/South Padre Island Intl,"Brownsville, TX"
83,PWM,Portland International Jetport,"Portland, ME"
84,MSP,Minneapolis–Saint Paul International,"Minneapolis, MN"
85,SRQ,Sarasota–Bradenton International,"Sarasota, FL"
86,CLT,Charlotte Douglas International ,"Charlotte, NC"
87,CVG,Cincinnati/Northern Kentucky Intl,"Cincinnati, OH"
88,GSO,Piedmont Triad International ,"Greensboro, NC"
89,SHV,Shreveport Regional ,"Shreveport, LA"
90,DCA,Ronald Reagan Washington National,"Arlington, VA"
91,TYS,McGhee Tyson ,"Knoxville, TN"
92,GSP,Greenville–Spartanburg International,"Greer, SC"
93,RIC,Richmond International ,"Richmond, VA"
94,DFW,Dallas/Fort Worth International,"Dallas/Fort Worth, TX"
95,BGR,Bangor International ,"Bangor, ME"
96,DAY,Dayton International ,"Dayton, OH"
97,GRR,Gerald R. Ford International ,"Grand Rapids, MI"
98,CHS,Charleston International ,"Charleston, SC"
99,CAE,Columbia Metropolitan ,"Columbia, SC"
100,TLH,Tallahassee International ,"Tallahassee, FL"
101,XNA,Northwest Arkansas National ,"Bentonville/Fayetteville, AR"
102,GPT,Gulfport–Biloxi International ,"Gulfport, MS"
103,VPS,Destin–Fort Walton Beach ,"Valparaiso, FL"
104,LGA,LaGuardia ,"New York, NY"
105,ATL,Hartsfield–Jackson Atlanta International,"Atlanta, GA"
106,MSN,Dane County Regional ,"Madison, WI"
107,SAV,Savannah/Hilton Head International,"Savannah, GA"
108,BTR,Baton Rouge Metropolitan ,"Baton Rouge, LA"
109,LEX,Blue Grass ,"Lexington, KY"
110,LRD,Laredo International ,"Laredo, TX"
111,MOB,Mobile Regional ,"Mobile, AL"
112,MTJ,Montrose Regional ,"Montrose, CO"
113,GRK,Killeen–Fort Hood Regional ,"Killeen, TX"
114,AEX,Alexandria International ,"Alexandria, LA"
115,PNS,Pensacola International ,"Pensacola, FL"
116,ABE,Lehigh Valley International ,"Allentown, PA"
117,HSV,Huntsville International ,"Huntsville, AL"
118,CHA,Chattanooga Metropolitan ,"Chattanooga, TN"
119,MFE,McAllen International ,"McAllen, TX"
120,MLU,Monroe Regional ,"Monroe, LA"
121,DSM,Des Moines International ,"Des Moines, IA"
122,MGM,Montgomery Regional ,"Montgomery, AL"
123,AVL,Asheville Regional ,"Asheville, NC"
124,LCH,Lake Charles Regional ,"Lake Charles, LA"
125,BOS,Gen. Edward Lawrence Logan Intl,"Boston, MA"
126,MYR,Myrtle Beach International ,"Myrtle Beach, SC"
127,CLL,Easterwood ,"College Station, TX"
128,DAB,Daytona Beach International ,"Daytona Beach, FL"
129,ASE,Aspen/Pitkin County ,"Aspen, CO"
130,ATW,Appleton International ,"Appleton, WI"
131,BMI,Central Illinois Regional ,"Bloomington, IL"
132,CAK,Akron–Canton ,"Akron, OH"
133,CID,Eastern Iowa ,"Cedar Rapids, IA"
134,CPR,Casper–Natrona County International,"Casper, WY"
135,EGE,Eagle County Regional ,"Vail/Eagle, CO"
136,FLG,Flagstaff Pulliam ,"Flagstaff, AZ"
137,FSD,Sioux Falls Regional ,"Sioux Falls, SD"
138,FWA,Fort Wayne International ,"Fort Wayne, IN"
139,GJT,Grand Junction Regional ,"Grand Junction, CO"
140,GRB,Green Bay–Austin Straubel Intl,"Green Bay, WI"
141,HNL,Daniel K. Inouye International ,"Honolulu, HI"
142,KOA,Ellison Onizuka Kona International,"Kailua-Kona, HI"
143,LAN,Capital Region International ,"Lansing, MI"
144,LIH,Lihue ,"Lihue, HI"
145,MBS,MBS International ,"Saginaw, MI"
146,MDT,Harrisburg International ,"Harrisburg, PA"
147,MFR,Rogue Valley International–Medford,"Medford, OR"
148,OGG,Kahului ,"Kahului, HI"
149,PSP,Palm Springs International ,"Palm Springs, CA"
150,RAP,Rapid City Regional ,"Rapid City, SD"
151,ROA,Roanoke–Blacksburg Regional ,"Roanoke, VA"
152,SBA,Santa Barbara Municipal ,"Santa Barbara, CA"
153,SBN,South Bend International ,"South Bend, IN"
154,SPI,Abraham Lincoln Capital ,"Springfield, IL"
155,TEX,Telluride Regional ,"Telluride, CO"
156,YUM,Yuma International ,"Yuma, AZ"
157,AVP,Wilkes-Barre/Scranton International,"Scranton, PA"
158,CWA,Central Wisconsin ,"Wausau, WI"
159,DRO,Durango–La Plata County ,"Durango, CO"
160,ILM,Wilmington International ,"Wilmington, NC"
161,ITO,Hilo International ,"Hilo, HI"
162,JFK,John F. Kennedy International ,"New York, NY"
163,TVC,Cherry Capital ,"Traverse City, MI"
164,HDN,Yampa Valley ,"Hayden, CO"
165,SBP,San Luis Obispo County Regional,"San Luis Obispo, CA"
166,CLD,McClellan–Palomar ,"Carlsbad, CA"
167,HPN,Westchester County ,"White Plains, NY"
168,MIA,Miami International ,"Miami, FL"
169,SGF,Springfield–Branson National ,"Springfield, MO"
170,TRI,Tri-Cities ,"Blountville, TN"
171,SUN,Friedman Memorial ,"Hailey, ID"
172,SGU,St. George Regional ,"St. George, UT"
173,SLE,Salem Municipal ,"Salem, OR"
174,MSO,Missoula Montana ,"Missoula, MT"
175,BZN,Bozeman Yellowstone International,"Bozeman, MT"
176,YKM,Yakima Air Terminal,"Yakima, WA"
177,GTF,Great Falls International ,"Great Falls, MT"
178,BIL,Billings Logan International ,"Billings, MT"
179,JAC,Jackson Hole ,"Jackson, WY"
180,MOD,Modesto City–County ,"Modesto, CA"
181,FAR,Hector International ,"Fargo, ND"
182,GUC,Gunnison–Crested Butte Regional,"Gunnison, CO"
183,AZO,Kalamazoo/Battle Creek International,"Kalamazoo, MI"
184,PIA,General Wayne A. Downing Peoria Intl,"Peoria, IL"
185,MLI,Quad Cities International ,"Moline, IL"
186,LNK,Lincoln ,"Lincoln, NE"
187,FCA,Glacier Park International ,"Kalispell, MT"
188,IDA,Idaho Falls Regional ,"Idaho Falls, ID"
189,BIS,Bismarck Municipal ,"Bismarck, ND"
190,PSC,Tri-Cities ,"Pasco, WA"
191,COD,Yellowstone Regional ,"Cody, WY"
192,TWF,Magic Valley Regional ,"Twin Falls, ID"
193,RDM,Redmond Municipal ,"Redmond, OR"
194,HLN,Helena Regional ,"Helena, MT"
195,RDD,Redding Regional ,"Redding, CA"
196,PIH,Pocatello Regional ,"Pocatello, ID"
197,EKO,Elko Regional ,"Elko, NV"
198,LWS,Lewiston–Nez Perce County ,"Lewiston, ID"
199,SMX,Santa Maria Public ,"Santa Maria, CA"
200,ACV,California Redwood Coast–Humboldt,"Arcata/Eureka, CA"
201,OXR,Oxnard ,"Oxnard, CA"
202,CEC,Del Norte County Regional ,"Crescent City, CA"
203,CIC,Chico Municipal ,"Chico, CA"
204,PMD,Palmdale Regional ,"Palmdale, CA"
205,RFD,Chicago Rockford International ,"Rockford, IL"
206,BTM,Bert Mooney ,"Butte, MT"
207,IYK,Inyokern ,"Inyokern, CA"
208,IPL,Imperial County ,"Imperial, CA"
209,BLI,Bellingham International ,"Bellingham, WA"
210,CDC,Cedar City Regional ,"Cedar City, UT"
211,SJU,Luis Muñoz Marín International ,"San Juan, PR"
212,STT,Cyril E. King ,"St. Thomas, VI"
213,ANC,Ted Stevens Anchorage International,"Anchorage, AK"
214,STX,Henry E. Rohlsen ,"St. Croix, VI"
215,MLB,Melbourne Orlando International,"Melbourne, FL"
216,PHF,Newport News/Williamsburg Intl,"Newport News, VA"
217,PFN,Panama City–Bay County International,"Panama City, FL"
218,FAY,Fayetteville Regional ,"Fayetteville, NC"
219,AGS,Augusta Regional ,"Augusta, GA"
220,GNV,Gainesville Regional ,"Gainesville, FL"
221,ABY,Southwest Georgia Regional ,"Albany, GA"
222,DHN,Dothan Regional ,"Dothan, AL"
223,EVV,Evansville Regional ,"Evansville, IN"
224,FNT,Bishop International ,"Flint, MI"
225,OAJ,Albert J. Ellis ,"Jacksonville, NC"
226,TOL,Eugene F. Kranz Toledo Express,"Toledo, OH"
227,SWF,New York Stewart International,"Newburgh, NY"
228,EWN,Coastal Carolina Regional ,"New Bern, NC"
229,MEI,Key Field,"Meridian, MS"
230,GTR,Golden Triangle Regional ,"Columbus, MS"
231,LYH,Lynchburg Regional ,"Lynchburg, VA"
232,HHH,Hilton Head ,"Hilton Head Island, SC"
233,EYW,Key West International ,"Key West, FL"
234,VLD,Valdosta Regional ,"Valdosta, GA"
235,CSG,Columbus ,"Columbus, GA"
236,ACY,Atlantic City International ,"Atlantic City, NJ"
237,FSM,Fort Smith Regional ,"Fort Smith, AR"
238,MCN,Middle Georgia Regional ,"Macon, GA"
239,CHO,Charlottesville–Albemarle ,"Charlottesville, VA"
240,FLO,Florence Regional ,"Florence, SC"
241,BQK,Brunswick Golden Isles ,"Brunswick, GA"
242,SCE,University Park ,"State College, PA"
243,TUP,Tupelo Regional ,"Tupelo, MS"
244,TYR,Tyler Pounds Regional ,"Tyler, TX"
245,LAW,Lawton–Fort Sill Regional ,"Lawton, OK"
246,SPS,Wichita Falls Municipal ,"Wichita Falls, TX"
247,ABI,Abilene Regional ,"Abilene, TX"
248,GGG,East Texas Regional ,"Longview, TX"
249,ACT,Waco Regional ,"Waco, TX"
250,SJT,San Angelo Regional ,"San Angelo, TX"
251,TXK,Texarkana Regional ,"Texarkana, AR"
252,CMI,University of Illinois Willard ,"Champaign/Urbana, IL"
253,ROW,Roswell Air Center,"Roswell, NM"
254,RST,Rochester International ,"Rochester, MN"
255,MQT,Marquette Sawyer Regional ,"Marquette, MI"
256,LSE,La Crosse Regional ,"La Crosse, WI"
257,DBQ,Dubuque Regional ,"Dubuque, IA"
258,GFK,Grand Forks International ,"Grand Forks, ND"
259,MOT,Minot International ,"Minot, ND"
260,DLH,Duluth International ,"Duluth, MN"
261,SUX,Sioux Gateway ,"Sioux City, IA"
262,PLN,Pellston Regional ,"Pellston, MI"
263,BGM,Greater Binghamton ,"Binghamton, NY"
264,ERI,Erie International ,"Erie, PA"
265,ALO,Waterloo Regional ,"Waterloo, IA"
266,CMX,Houghton County Memorial ,"Hancock, MI"
267,RHI,Rhinelander–Oneida County ,"Rhinelander, WI"
268,ELM,Elmira/Corning Regional ,"Elmira, NY"
269,JNU,Juneau International ,"Juneau, AK"
270,KTN,Ketchikan International ,"Ketchikan, AK"
271,SIT,Sitka Rocky Gutierrez ,"Sitka, AK"
272,PSG,Petersburg James A. Johnson ,"Petersburg, AK"
273,CDV,Merle K. (Mudhole) Smith ,"Cordova, AK"
274,YAK,Yakutat ,"Yakutat, AK"
275,BRW,Wiley Post–Will Rogers Memorial,"Utqiaġvik, AK"
276,OME,Nome ,"Nome, AK"
277,OTZ,Ralph Wien Memorial ,"Kotzebue, AK"
278,BET,Bethel ,"Bethel, AK"
279,FAI,Fairbanks International ,"Fairbanks, AK"
280,SCC,Deadhorse ,"Deadhorse, AK"
281,ADQ,Kodiak ,"Kodiak, AK"
282,WRG,Wrangell ,"Wrangell, AK"
283,ADK,Adak ,"Adak, AK"
284,PSE,Mercedita International ,"Ponce, PR"
285,BQN,Rafael Hernández International,"Aguadilla, PR"
286,BPT,Jack Brooks Regional ,"Beaumont, TX"
287,RKS,Southwest Wyoming Regional ,"Rock Springs, WY"
288,GCC,Gillette–Campbell County ,"Gillette, WY"
289,MKG,Muskegon County ,"Muskegon, MI"
290,DLG,Dillingham ,"Dillingham, AK"
291,AKN,King Salmon ,"King Salmon, AK"
292,LWB,Greenbrier Valley ,"Lewisburg, WV"
293,ACK,Nantucket Memorial ,"Nantucket, MA"
294,WYS,Yellowstone ,"West Yellowstone, MT"
295,BJI,Bemidji Regional ,"Bemidji, MN"
296,INL,Falls International ,"International Falls, MN"
