FullDate,DateKey,Year,Month,Day,Quarter,DayName,MonthName,DayOfWeek,IsWeekend,WeekOfYear
2008-01-01,20080101,2008,1,1,1,Tuesday,January,1,0,1
2008-01-02,20080102,2008,1,2,1,Wednesday,January,2,0,1
2008-01-03,20080103,2008,1,3,1,Thursday,January,3,0,1
2008-01-04,20080104,2008,1,4,1,Friday,January,4,0,1
2008-01-05,20080105,2008,1,5,1,Saturday,January,5,1,1
2008-01-06,20080106,2008,1,6,1,Sunday,January,6,1,1
2008-01-07,20080107,2008,1,7,1,Monday,January,0,0,2
2008-01-08,20080108,2008,1,8,1,Tuesday,January,1,0,2
2008-01-09,20080109,2008,1,9,1,Wednesday,January,2,0,2
2008-01-10,20080110,2008,1,10,1,Thursday,January,3,0,2
2008-01-11,20080111,2008,1,11,1,Friday,January,4,0,2
2008-01-12,20080112,2008,1,12,1,Saturday,January,5,1,2
2008-01-13,20080113,2008,1,13,1,Sunday,January,6,1,2
2008-01-14,20080114,2008,1,14,1,Monday,January,0,0,3
2008-01-15,20080115,2008,1,15,1,Tuesday,January,1,0,3
2008-01-16,20080116,2008,1,16,1,Wednesday,January,2,0,3
2008-01-17,20080117,2008,1,17,1,Thursday,January,3,0,3
2008-01-18,20080118,2008,1,18,1,Friday,January,4,0,3
2008-01-19,20080119,2008,1,19,1,Saturday,January,5,1,3
2008-01-20,20080120,2008,1,20,1,Sunday,January,6,1,3
2008-01-21,20080121,2008,1,21,1,Monday,January,0,0,4
2008-01-22,20080122,2008,1,22,1,Tuesday,January,1,0,4
2008-01-23,20080123,2008,1,23,1,Wednesday,January,2,0,4
2008-01-24,20080124,2008,1,24,1,Thursday,January,3,0,4
2008-01-25,20080125,2008,1,25,1,Friday,January,4,0,4
2008-01-26,20080126,2008,1,26,1,Saturday,January,5,1,4
2008-01-27,20080127,2008,1,27,1,Sunday,January,6,1,4
2008-01-28,20080128,2008,1,28,1,Monday,January,0,0,5
2008-01-29,20080129,2008,1,29,1,Tuesday,January,1,0,5
2008-01-30,20080130,2008,1,30,1,Wednesday,January,2,0,5
2008-01-31,20080131,2008,1,31,1,Thursday,January,3,0,5
2008-02-01,20080201,2008,2,1,1,Friday,February,4,0,5
2008-02-02,20080202,2008,2,2,1,Saturday,February,5,1,5
2008-02-03,20080203,2008,2,3,1,Sunday,February,6,1,5
2008-02-04,20080204,2008,2,4,1,Monday,February,0,0,6
2008-02-05,20080205,2008,2,5,1,Tuesday,February,1,0,6
2008-02-06,20080206,2008,2,6,1,Wednesday,February,2,0,6
2008-02-07,20080207,2008,2,7,1,Thursday,February,3,0,6
2008-02-08,20080208,2008,2,8,1,Friday,February,4,0,6
2008-02-09,20080209,2008,2,9,1,Saturday,February,5,1,6
2008-02-10,20080210,2008,2,10,1,Sunday,February,6,1,6
2008-02-11,20080211,2008,2,11,1,Monday,February,0,0,7
2008-02-12,20080212,2008,2,12,1,Tuesday,February,1,0,7
2008-02-13,20080213,2008,2,13,1,Wednesday,February,2,0,7
2008-02-14,20080214,2008,2,14,1,Thursday,February,3,0,7
2008-02-15,20080215,2008,2,15,1,Friday,February,4,0,7
2008-02-16,20080216,2008,2,16,1,Saturday,February,5,1,7
2008-02-17,20080217,2008,2,17,1,Sunday,February,6,1,7
2008-02-18,20080218,2008,2,18,1,Monday,February,0,0,8
2008-02-19,20080219,2008,2,19,1,Tuesday,February,1,0,8
2008-02-20,20080220,2008,2,20,1,Wednesday,February,2,0,8
2008-02-21,20080221,2008,2,21,1,Thursday,February,3,0,8
2008-02-22,20080222,2008,2,22,1,Friday,February,4,0,8
2008-02-23,20080223,2008,2,23,1,Saturday,February,5,1,8
2008-02-24,20080224,2008,2,24,1,Sunday,February,6,1,8
2008-02-25,20080225,2008,2,25,1,Monday,February,0,0,9
2008-02-26,20080226,2008,2,26,1,Tuesday,February,1,0,9
2008-02-27,20080227,2008,2,27,1,Wednesday,February,2,0,9
2008-02-28,20080228,2008,2,28,1,Thursday,February,3,0,9
2008-02-29,20080229,2008,2,29,1,Friday,February,4,0,9
2008-03-01,20080301,2008,3,1,1,Saturday,March,5,1,9
2008-03-02,20080302,2008,3,2,1,Sunday,March,6,1,9
2008-03-03,20080303,2008,3,3,1,Monday,March,0,0,10
2008-03-04,20080304,2008,3,4,1,Tuesday,March,1,0,10
2008-03-05,20080305,2008,3,5,1,Wednesday,March,2,0,10
2008-03-06,20080306,2008,3,6,1,Thursday,March,3,0,10
2008-03-07,20080307,2008,3,7,1,Friday,March,4,0,10
2008-03-08,20080308,2008,3,8,1,Saturday,March,5,1,10
2008-03-09,20080309,2008,3,9,1,Sunday,March,6,1,10
2008-03-10,20080310,2008,3,10,1,Monday,March,0,0,11
2008-03-11,20080311,2008,3,11,1,Tuesday,March,1,0,11
2008-03-12,20080312,2008,3,12,1,Wednesday,March,2,0,11
2008-03-13,20080313,2008,3,13,1,Thursday,March,3,0,11
2008-03-14,20080314,2008,3,14,1,Friday,March,4,0,11
2008-03-15,20080315,2008,3,15,1,Saturday,March,5,1,11
2008-03-16,20080316,2008,3,16,1,Sunday,March,6,1,11
2008-03-17,20080317,2008,3,17,1,Monday,March,0,0,12
2008-03-18,20080318,2008,3,18,1,Tuesday,March,1,0,12
2008-03-19,20080319,2008,3,19,1,Wednesday,March,2,0,12
2008-03-20,20080320,2008,3,20,1,Thursday,March,3,0,12
2008-03-21,20080321,2008,3,21,1,Friday,March,4,0,12
2008-03-22,20080322,2008,3,22,1,Saturday,March,5,1,12
2008-03-23,20080323,2008,3,23,1,Sunday,March,6,1,12
2008-03-24,20080324,2008,3,24,1,Monday,March,0,0,13
2008-03-25,20080325,2008,3,25,1,Tuesday,March,1,0,13
2008-03-26,20080326,2008,3,26,1,Wednesday,March,2,0,13
2008-03-27,20080327,2008,3,27,1,Thursday,March,3,0,13
2008-03-28,20080328,2008,3,28,1,Friday,March,4,0,13
2008-03-29,20080329,2008,3,29,1,Saturday,March,5,1,13
2008-03-30,20080330,2008,3,30,1,Sunday,March,6,1,13
2008-03-31,20080331,2008,3,31,1,Monday,March,0,0,14
2008-04-01,20080401,2008,4,1,2,Tuesday,April,1,0,14
2008-04-02,20080402,2008,4,2,2,Wednesday,April,2,0,14
2008-04-03,20080403,2008,4,3,2,Thursday,April,3,0,14
2008-04-04,20080404,2008,4,4,2,Friday,April,4,0,14
2008-04-05,20080405,2008,4,5,2,Saturday,April,5,1,14
2008-04-06,20080406,2008,4,6,2,Sunday,April,6,1,14
2008-04-07,20080407,2008,4,7,2,Monday,April,0,0,15
2008-04-08,20080408,2008,4,8,2,Tuesday,April,1,0,15
2008-04-09,20080409,2008,4,9,2,Wednesday,April,2,0,15
2008-04-10,20080410,2008,4,10,2,Thursday,April,3,0,15
2008-04-11,20080411,2008,4,11,2,Friday,April,4,0,15
2008-04-12,20080412,2008,4,12,2,Saturday,April,5,1,15
2008-04-13,20080413,2008,4,13,2,Sunday,April,6,1,15
2008-04-14,20080414,2008,4,14,2,Monday,April,0,0,16
2008-04-15,20080415,2008,4,15,2,Tuesday,April,1,0,16
2008-04-16,20080416,2008,4,16,2,Wednesday,April,2,0,16
2008-04-17,20080417,2008,4,17,2,Thursday,April,3,0,16
2008-04-18,20080418,2008,4,18,2,Friday,April,4,0,16
2008-04-19,20080419,2008,4,19,2,Saturday,April,5,1,16
2008-04-20,20080420,2008,4,20,2,Sunday,April,6,1,16
2008-04-21,20080421,2008,4,21,2,Monday,April,0,0,17
2008-04-22,20080422,2008,4,22,2,Tuesday,April,1,0,17
2008-04-23,20080423,2008,4,23,2,Wednesday,April,2,0,17
2008-04-24,20080424,2008,4,24,2,Thursday,April,3,0,17
2008-04-25,20080425,2008,4,25,2,Friday,April,4,0,17
2008-04-26,20080426,2008,4,26,2,Saturday,April,5,1,17
2008-04-27,20080427,2008,4,27,2,Sunday,April,6,1,17
2008-04-28,20080428,2008,4,28,2,Monday,April,0,0,18
2008-04-29,20080429,2008,4,29,2,Tuesday,April,1,0,18
2008-04-30,20080430,2008,4,30,2,Wednesday,April,2,0,18
2008-05-01,20080501,2008,5,1,2,Thursday,May,3,0,18
2008-05-02,20080502,2008,5,2,2,Friday,May,4,0,18
2008-05-03,20080503,2008,5,3,2,Saturday,May,5,1,18
2008-05-04,20080504,2008,5,4,2,Sunday,May,6,1,18
2008-05-05,20080505,2008,5,5,2,Monday,May,0,0,19
2008-05-06,20080506,2008,5,6,2,Tuesday,May,1,0,19
2008-05-07,20080507,2008,5,7,2,Wednesday,May,2,0,19
2008-05-08,20080508,2008,5,8,2,Thursday,May,3,0,19
2008-05-09,20080509,2008,5,9,2,Friday,May,4,0,19
2008-05-10,20080510,2008,5,10,2,Saturday,May,5,1,19
2008-05-11,20080511,2008,5,11,2,Sunday,May,6,1,19
2008-05-12,20080512,2008,5,12,2,Monday,May,0,0,20
2008-05-13,20080513,2008,5,13,2,Tuesday,May,1,0,20
2008-05-14,20080514,2008,5,14,2,Wednesday,May,2,0,20
2008-05-15,20080515,2008,5,15,2,Thursday,May,3,0,20
2008-05-16,20080516,2008,5,16,2,Friday,May,4,0,20
2008-05-17,20080517,2008,5,17,2,Saturday,May,5,1,20
2008-05-18,20080518,2008,5,18,2,Sunday,May,6,1,20
2008-05-19,20080519,2008,5,19,2,Monday,May,0,0,21
2008-05-20,20080520,2008,5,20,2,Tuesday,May,1,0,21
2008-05-21,20080521,2008,5,21,2,Wednesday,May,2,0,21
2008-05-22,20080522,2008,5,22,2,Thursday,May,3,0,21
2008-05-23,20080523,2008,5,23,2,Friday,May,4,0,21
2008-05-24,20080524,2008,5,24,2,Saturday,May,5,1,21
2008-05-25,20080525,2008,5,25,2,Sunday,May,6,1,21
2008-05-26,20080526,2008,5,26,2,Monday,May,0,0,22
2008-05-27,20080527,2008,5,27,2,Tuesday,May,1,0,22
2008-05-28,20080528,2008,5,28,2,Wednesday,May,2,0,22
2008-05-29,20080529,2008,5,29,2,Thursday,May,3,0,22
2008-05-30,20080530,2008,5,30,2,Friday,May,4,0,22
2008-05-31,20080531,2008,5,31,2,Saturday,May,5,1,22
2008-06-01,20080601,2008,6,1,2,Sunday,June,6,1,22
2008-06-02,20080602,2008,6,2,2,Monday,June,0,0,23
2008-06-03,20080603,2008,6,3,2,Tuesday,June,1,0,23
2008-06-04,20080604,2008,6,4,2,Wednesday,June,2,0,23
2008-06-05,20080605,2008,6,5,2,Thursday,June,3,0,23
2008-06-06,20080606,2008,6,6,2,Friday,June,4,0,23
2008-06-07,20080607,2008,6,7,2,Saturday,June,5,1,23
2008-06-08,20080608,2008,6,8,2,Sunday,June,6,1,23
2008-06-09,20080609,2008,6,9,2,Monday,June,0,0,24
2008-06-10,20080610,2008,6,10,2,Tuesday,June,1,0,24
2008-06-11,20080611,2008,6,11,2,Wednesday,June,2,0,24
2008-06-12,20080612,2008,6,12,2,Thursday,June,3,0,24
2008-06-13,20080613,2008,6,13,2,Friday,June,4,0,24
2008-06-14,20080614,2008,6,14,2,Saturday,June,5,1,24
2008-06-15,20080615,2008,6,15,2,Sunday,June,6,1,24
2008-06-16,20080616,2008,6,16,2,Monday,June,0,0,25
2008-06-17,20080617,2008,6,17,2,Tuesday,June,1,0,25
2008-06-18,20080618,2008,6,18,2,Wednesday,June,2,0,25
2008-06-19,20080619,2008,6,19,2,Thursday,June,3,0,25
2008-06-20,20080620,2008,6,20,2,Friday,June,4,0,25
2008-06-21,20080621,2008,6,21,2,Saturday,June,5,1,25
2008-06-22,20080622,2008,6,22,2,Sunday,June,6,1,25
2008-06-23,20080623,2008,6,23,2,Monday,June,0,0,26
2008-06-24,20080624,2008,6,24,2,Tuesday,June,1,0,26
2008-06-25,20080625,2008,6,25,2,Wednesday,June,2,0,26
2008-06-26,20080626,2008,6,26,2,Thursday,June,3,0,26
2008-06-27,20080627,2008,6,27,2,Friday,June,4,0,26
2008-06-28,20080628,2008,6,28,2,Saturday,June,5,1,26
2008-06-29,20080629,2008,6,29,2,Sunday,June,6,1,26
2008-06-30,20080630,2008,6,30,2,Monday,June,0,0,27
2008-07-01,20080701,2008,7,1,3,Tuesday,July,1,0,27
2008-07-02,20080702,2008,7,2,3,Wednesday,July,2,0,27
2008-07-03,20080703,2008,7,3,3,Thursday,July,3,0,27
2008-07-04,20080704,2008,7,4,3,Friday,July,4,0,27
2008-07-05,20080705,2008,7,5,3,Saturday,July,5,1,27
2008-07-06,20080706,2008,7,6,3,Sunday,July,6,1,27
2008-07-07,20080707,2008,7,7,3,Monday,July,0,0,28
2008-07-08,20080708,2008,7,8,3,Tuesday,July,1,0,28
2008-07-09,20080709,2008,7,9,3,Wednesday,July,2,0,28
2008-07-10,20080710,2008,7,10,3,Thursday,July,3,0,28
2008-07-11,20080711,2008,7,11,3,Friday,July,4,0,28
2008-07-12,20080712,2008,7,12,3,Saturday,July,5,1,28
2008-07-13,20080713,2008,7,13,3,Sunday,July,6,1,28
2008-07-14,20080714,2008,7,14,3,Monday,July,0,0,29
2008-07-15,20080715,2008,7,15,3,Tuesday,July,1,0,29
2008-07-16,20080716,2008,7,16,3,Wednesday,July,2,0,29
2008-07-17,20080717,2008,7,17,3,Thursday,July,3,0,29
2008-07-18,20080718,2008,7,18,3,Friday,July,4,0,29
2008-07-19,20080719,2008,7,19,3,Saturday,July,5,1,29
2008-07-20,20080720,2008,7,20,3,Sunday,July,6,1,29
2008-07-21,20080721,2008,7,21,3,Monday,July,0,0,30
2008-07-22,20080722,2008,7,22,3,Tuesday,July,1,0,30
2008-07-23,20080723,2008,7,23,3,Wednesday,July,2,0,30
2008-07-24,20080724,2008,7,24,3,Thursday,July,3,0,30
2008-07-25,20080725,2008,7,25,3,Friday,July,4,0,30
2008-07-26,20080726,2008,7,26,3,Saturday,July,5,1,30
2008-07-27,20080727,2008,7,27,3,Sunday,July,6,1,30
2008-07-28,20080728,2008,7,28,3,Monday,July,0,0,31
2008-07-29,20080729,2008,7,29,3,Tuesday,July,1,0,31
2008-07-30,20080730,2008,7,30,3,Wednesday,July,2,0,31
2008-07-31,20080731,2008,7,31,3,Thursday,July,3,0,31
2008-08-01,20080801,2008,8,1,3,Friday,August,4,0,31
2008-08-02,20080802,2008,8,2,3,Saturday,August,5,1,31
2008-08-03,20080803,2008,8,3,3,Sunday,August,6,1,31
2008-08-04,20080804,2008,8,4,3,Monday,August,0,0,32
2008-08-05,20080805,2008,8,5,3,Tuesday,August,1,0,32
2008-08-06,20080806,2008,8,6,3,Wednesday,August,2,0,32
2008-08-07,20080807,2008,8,7,3,Thursday,August,3,0,32
2008-08-08,20080808,2008,8,8,3,Friday,August,4,0,32
2008-08-09,20080809,2008,8,9,3,Saturday,August,5,1,32
2008-08-10,20080810,2008,8,10,3,Sunday,August,6,1,32
2008-08-11,20080811,2008,8,11,3,Monday,August,0,0,33
2008-08-12,20080812,2008,8,12,3,Tuesday,August,1,0,33
2008-08-13,20080813,2008,8,13,3,Wednesday,August,2,0,33
2008-08-14,20080814,2008,8,14,3,Thursday,August,3,0,33
2008-08-15,20080815,2008,8,15,3,Friday,August,4,0,33
2008-08-16,20080816,2008,8,16,3,Saturday,August,5,1,33
2008-08-17,20080817,2008,8,17,3,Sunday,August,6,1,33
2008-08-18,20080818,2008,8,18,3,Monday,August,0,0,34
2008-08-19,20080819,2008,8,19,3,Tuesday,August,1,0,34
2008-08-20,20080820,2008,8,20,3,Wednesday,August,2,0,34
2008-08-21,20080821,2008,8,21,3,Thursday,August,3,0,34
2008-08-22,20080822,2008,8,22,3,Friday,August,4,0,34
2008-08-23,20080823,2008,8,23,3,Saturday,August,5,1,34
2008-08-24,20080824,2008,8,24,3,Sunday,August,6,1,34
2008-08-25,20080825,2008,8,25,3,Monday,August,0,0,35
2008-08-26,20080826,2008,8,26,3,Tuesday,August,1,0,35
2008-08-27,20080827,2008,8,27,3,Wednesday,August,2,0,35
2008-08-28,20080828,2008,8,28,3,Thursday,August,3,0,35
2008-08-29,20080829,2008,8,29,3,Friday,August,4,0,35
2008-08-30,20080830,2008,8,30,3,Saturday,August,5,1,35
2008-08-31,20080831,2008,8,31,3,Sunday,August,6,1,35
2008-09-01,20080901,2008,9,1,3,Monday,September,0,0,36
2008-09-02,20080902,2008,9,2,3,Tuesday,September,1,0,36
2008-09-03,20080903,2008,9,3,3,Wednesday,September,2,0,36
2008-09-04,20080904,2008,9,4,3,Thursday,September,3,0,36
2008-09-05,20080905,2008,9,5,3,Friday,September,4,0,36
2008-09-06,20080906,2008,9,6,3,Saturday,September,5,1,36
2008-09-07,20080907,2008,9,7,3,Sunday,September,6,1,36
2008-09-08,20080908,2008,9,8,3,Monday,September,0,0,37
2008-09-09,20080909,2008,9,9,3,Tuesday,September,1,0,37
2008-09-10,20080910,2008,9,10,3,Wednesday,September,2,0,37
2008-09-11,20080911,2008,9,11,3,Thursday,September,3,0,37
2008-09-12,20080912,2008,9,12,3,Friday,September,4,0,37
2008-09-13,20080913,2008,9,13,3,Saturday,September,5,1,37
2008-09-14,20080914,2008,9,14,3,Sunday,September,6,1,37
2008-09-15,20080915,2008,9,15,3,Monday,September,0,0,38
2008-09-16,20080916,2008,9,16,3,Tuesday,September,1,0,38
2008-09-17,20080917,2008,9,17,3,Wednesday,September,2,0,38
2008-09-18,20080918,2008,9,18,3,Thursday,September,3,0,38
2008-09-19,20080919,2008,9,19,3,Friday,September,4,0,38
2008-09-20,20080920,2008,9,20,3,Saturday,September,5,1,38
2008-09-21,20080921,2008,9,21,3,Sunday,September,6,1,38
2008-09-22,20080922,2008,9,22,3,Monday,September,0,0,39
2008-09-23,20080923,2008,9,23,3,Tuesday,September,1,0,39
2008-09-24,20080924,2008,9,24,3,Wednesday,September,2,0,39
2008-09-25,20080925,2008,9,25,3,Thursday,September,3,0,39
2008-09-26,20080926,2008,9,26,3,Friday,September,4,0,39
2008-09-27,20080927,2008,9,27,3,Saturday,September,5,1,39
2008-09-28,20080928,2008,9,28,3,Sunday,September,6,1,39
2008-09-29,20080929,2008,9,29,3,Monday,September,0,0,40
2008-09-30,20080930,2008,9,30,3,Tuesday,September,1,0,40
2008-10-01,20081001,2008,10,1,4,Wednesday,October,2,0,40
2008-10-02,20081002,2008,10,2,4,Thursday,October,3,0,40
2008-10-03,20081003,2008,10,3,4,Friday,October,4,0,40
2008-10-04,20081004,2008,10,4,4,Saturday,October,5,1,40
2008-10-05,20081005,2008,10,5,4,Sunday,October,6,1,40
2008-10-06,20081006,2008,10,6,4,Monday,October,0,0,41
2008-10-07,20081007,2008,10,7,4,Tuesday,October,1,0,41
2008-10-08,20081008,2008,10,8,4,Wednesday,October,2,0,41
2008-10-09,20081009,2008,10,9,4,Thursday,October,3,0,41
2008-10-10,20081010,2008,10,10,4,Friday,October,4,0,41
2008-10-11,20081011,2008,10,11,4,Saturday,October,5,1,41
2008-10-12,20081012,2008,10,12,4,Sunday,October,6,1,41
2008-10-13,20081013,2008,10,13,4,Monday,October,0,0,42
2008-10-14,20081014,2008,10,14,4,Tuesday,October,1,0,42
2008-10-15,20081015,2008,10,15,4,Wednesday,October,2,0,42
2008-10-16,20081016,2008,10,16,4,Thursday,October,3,0,42
2008-10-17,20081017,2008,10,17,4,Friday,October,4,0,42
2008-10-18,20081018,2008,10,18,4,Saturday,October,5,1,42
2008-10-19,20081019,2008,10,19,4,Sunday,October,6,1,42
2008-10-20,20081020,2008,10,20,4,Monday,October,0,0,43
2008-10-21,20081021,2008,10,21,4,Tuesday,October,1,0,43
2008-10-22,20081022,2008,10,22,4,Wednesday,October,2,0,43
2008-10-23,20081023,2008,10,23,4,Thursday,October,3,0,43
2008-10-24,20081024,2008,10,24,4,Friday,October,4,0,43
2008-10-25,20081025,2008,10,25,4,Saturday,October,5,1,43
2008-10-26,20081026,2008,10,26,4,Sunday,October,6,1,43
2008-10-27,20081027,2008,10,27,4,Monday,October,0,0,44
2008-10-28,20081028,2008,10,28,4,Tuesday,October,1,0,44
2008-10-29,20081029,2008,10,29,4,Wednesday,October,2,0,44
2008-10-30,20081030,2008,10,30,4,Thursday,October,3,0,44
2008-10-31,20081031,2008,10,31,4,Friday,October,4,0,44
2008-11-01,20081101,2008,11,1,4,Saturday,November,5,1,44
2008-11-02,20081102,2008,11,2,4,Sunday,November,6,1,44
2008-11-03,20081103,2008,11,3,4,Monday,November,0,0,45
2008-11-04,20081104,2008,11,4,4,Tuesday,November,1,0,45
2008-11-05,20081105,2008,11,5,4,Wednesday,November,2,0,45
2008-11-06,20081106,2008,11,6,4,Thursday,November,3,0,45
2008-11-07,20081107,2008,11,7,4,Friday,November,4,0,45
2008-11-08,20081108,2008,11,8,4,Saturday,November,5,1,45
2008-11-09,20081109,2008,11,9,4,Sunday,November,6,1,45
2008-11-10,20081110,2008,11,10,4,Monday,November,0,0,46
2008-11-11,20081111,2008,11,11,4,Tuesday,November,1,0,46
2008-11-12,20081112,2008,11,12,4,Wednesday,November,2,0,46
2008-11-13,20081113,2008,11,13,4,Thursday,November,3,0,46
2008-11-14,20081114,2008,11,14,4,Friday,November,4,0,46
2008-11-15,20081115,2008,11,15,4,Saturday,November,5,1,46
2008-11-16,20081116,2008,11,16,4,Sunday,November,6,1,46
2008-11-17,20081117,2008,11,17,4,Monday,November,0,0,47
2008-11-18,20081118,2008,11,18,4,Tuesday,November,1,0,47
2008-11-19,20081119,2008,11,19,4,Wednesday,November,2,0,47
2008-11-20,20081120,2008,11,20,4,Thursday,November,3,0,47
2008-11-21,20081121,2008,11,21,4,Friday,November,4,0,47
2008-11-22,20081122,2008,11,22,4,Saturday,November,5,1,47
2008-11-23,20081123,2008,11,23,4,Sunday,November,6,1,47
2008-11-24,20081124,2008,11,24,4,Monday,November,0,0,48
2008-11-25,20081125,2008,11,25,4,Tuesday,November,1,0,48
2008-11-26,20081126,2008,11,26,4,Wednesday,November,2,0,48
2008-11-27,20081127,2008,11,27,4,Thursday,November,3,0,48
2008-11-28,20081128,2008,11,28,4,Friday,November,4,0,48
2008-11-29,20081129,2008,11,29,4,Saturday,November,5,1,48
2008-11-30,20081130,2008,11,30,4,Sunday,November,6,1,48
2008-12-01,20081201,2008,12,1,4,Monday,December,0,0,49
2008-12-02,20081202,2008,12,2,4,Tuesday,December,1,0,49
2008-12-03,20081203,2008,12,3,4,Wednesday,December,2,0,49
2008-12-04,20081204,2008,12,4,4,Thursday,December,3,0,49
2008-12-05,20081205,2008,12,5,4,Friday,December,4,0,49
2008-12-06,20081206,2008,12,6,4,Saturday,December,5,1,49
2008-12-07,20081207,2008,12,7,4,Sunday,December,6,1,49
2008-12-08,20081208,2008,12,8,4,Monday,December,0,0,50
2008-12-09,20081209,2008,12,9,4,Tuesday,December,1,0,50
2008-12-10,20081210,2008,12,10,4,Wednesday,December,2,0,50
2008-12-11,20081211,2008,12,11,4,Thursday,December,3,0,50
2008-12-12,20081212,2008,12,12,4,Friday,December,4,0,50
2008-12-13,20081213,2008,12,13,4,Saturday,December,5,1,50
2008-12-14,20081214,2008,12,14,4,Sunday,December,6,1,50
2008-12-15,20081215,2008,12,15,4,Monday,December,0,0,51
2008-12-16,20081216,2008,12,16,4,Tuesday,December,1,0,51
2008-12-17,20081217,2008,12,17,4,Wednesday,December,2,0,51
2008-12-18,20081218,2008,12,18,4,Thursday,December,3,0,51
2008-12-19,20081219,2008,12,19,4,Friday,December,4,0,51
2008-12-20,20081220,2008,12,20,4,Saturday,December,5,1,51
2008-12-21,20081221,2008,12,21,4,Sunday,December,6,1,51
2008-12-22,20081222,2008,12,22,4,Monday,December,0,0,52
2008-12-23,20081223,2008,12,23,4,Tuesday,December,1,0,52
2008-12-24,20081224,2008,12,24,4,Wednesday,December,2,0,52
2008-12-25,20081225,2008,12,25,4,Thursday,December,3,0,52
2008-12-26,20081226,2008,12,26,4,Friday,December,4,0,52
2008-12-27,20081227,2008,12,27,4,Saturday,December,5,1,52
2008-12-28,20081228,2008,12,28,4,Sunday,December,6,1,52
2008-12-29,20081229,2008,12,29,4,Monday,December,0,0,1
2008-12-30,20081230,2008,12,30,4,Tuesday,December,1,0,1
2008-12-31,20081231,2008,12,31,4,Wednesday,December,2,0,1
